"CloudletID","Priority","Status","vmID","vmSize","cloudletSize","waitingTimeSeconds","cloudletLength","cloudletCPUCores","StartTime","finishTime","exeTime"
"0","SUCCESS","0","0","32768","0","0.0","1365","2","12.199999999999973","17.49263448580969","5.292634485809716"
"1","SUCCESS","0","3","32768","0","0.0","1228","2","12.199999999999973","17.49263448580969","5.292634485809716"
"2","SUCCESS","0","6","32768","0","0.0","588","2","12.199999999999973","15.015919551702341","2.8159195517023683"
"3","SUCCESS","0","3","32768","0","0.0","1292","2","12.199999999999973","17.49263448580969","5.292634485809716"
"4","SUCCESS","0","4","32768","0","0.0","976","2","12.199999999999973","20.704256575091595","8.504256575091622"
"6","SUCCESS","0","4","32768","0","0.0","585","2","12.199999999999973","21.034256575091593","8.83425657509162"
"8","SUCCESS","0","3","32768","0","0.0","1345","2","12.199999999999973","17.49263448580969","5.292634485809716"
"10","SUCCESS","0","6","32768","0","0.0","1436","2","12.199999999999973","14.905919551702342","2.705919551702369"
"11","SUCCESS","0","3","32768","0","0.0","1311","2","12.199999999999973","17.49263448580969","5.292634485809716"
"12","SUCCESS","0","0","32768","0","0.0","1121","2","12.199999999999973","17.602634485809688","5.402634485809715"
"13","SUCCESS","0","0","32768","0","0.0","1371","2","12.199999999999973","17.49263448580969","5.292634485809716"
"15","SUCCESS","0","6","32768","0","0.0","1691","2","12.199999999999973","14.905919551702342","2.705919551702369"
"16","SUCCESS","0","9","32768","0","0.0","322","2","12.199999999999973","22.354256575091586","10.154256575091614"
"17","SUCCESS","0","9","32768","0","0.0","514","2","12.199999999999973","21.58425657509159","9.384256575091618"
"18","SUCCESS","0","4","32768","0","0.0","970","2","12.199999999999973","20.814256575091594","8.614256575091622"
"19","SUCCESS","0","4","32768","0","0.0","844","2","12.199999999999973","20.814256575091594","8.614256575091622"
"21","SUCCESS","0","9","32768","0","0.0","578","2","12.199999999999973","21.36425657509159","9.164256575091619"
"22","SUCCESS","0","4","32768","0","0.0","900","2","12.199999999999973","20.704256575091595","8.504256575091622"
"23","SUCCESS","0","9","32768","0","0.0","744","2","12.199999999999973","20.924256575091594","8.724256575091621"
"24","SUCCESS","0","9","32768","0","0.0","313","2","12.199999999999973","22.684256575091585","10.484256575091612"
"25","SUCCESS","0","9","32768","0","0.0","582","2","12.199999999999973","21.47425657509159","9.274256575091618"
"26","SUCCESS","0","4","32768","0","0.0","884","2","12.199999999999973","20.594256575091595","8.394256575091623"
"27","SUCCESS","0","6","32768","0","0.0","1424","2","12.199999999999973","14.905919551702342","2.705919551702369"
"28","SUCCESS","0","0","32768","0","0.0","1347","2","12.199999999999973","17.49263448580969","5.292634485809716"
"30","SUCCESS","0","4","32768","0","0.0","759","2","19.361380771411266","24.519751446068874","5.158370674657608"
"31","SUCCESS","0","0","32768","0","0.0","156","2","19.361380771411266","28.05089166148697","8.689510890075702"
"32","SUCCESS","0","0","32768","0","0.0","81","2","19.361380771411266","44.8843587038397","25.522977932428436"
"33","SUCCESS","0","6","32768","0","0.0","1252","2","19.361380771411266","22.024256575091588","2.662875803680322"
"35","SUCCESS","0","6","32768","0","0.0","447","2","19.361380771411266","22.134256575091587","2.7728758036803214"
"36","SUCCESS","0","1","32768","0","0.0","368","2","19.361380771411266","39.05435870383973","19.692977932428466"
"37","SUCCESS","0","6","32768","0","0.0","1280","2","19.361380771411266","22.024256575091588","2.662875803680322"
"39","SUCCESS","0","3","32768","0","0.0","608","2","19.361380771411266","23.49728361106999","4.135902839658723"
"41","SUCCESS","0","0","32768","0","0.0","1179","2","19.361380771411266","26.113646092526377","6.752265321115111"
"42","SUCCESS","0","9","32768","0","0.0","977","2","19.361380771411266","26.443646092526375","7.082265321115109"
"43","SUCCESS","0","1","32768","0","0.0","870","2","19.361380771411266","36.96435870383974","17.602977932428477"
"44","SUCCESS","0","3","32768","0","0.0","1146","2","19.361380771411266","23.49728361106999","4.135902839658723"
"45","SUCCESS","0","9","32768","0","0.0","889","2","19.361380771411266","26.443646092526375","7.082265321115109"
"46","SUCCESS","0","4","32768","0","0.0","1136","2","19.361380771411266","24.409751446068874","5.048370674657608"
"47","SUCCESS","0","0","32768","0","0.0","386","2","19.361380771411266","26.333646092526376","6.97226532111511"
"48","SUCCESS","0","1","32768","0","0.0","733","2","19.361380771411266","38.614358703839734","19.252977932428468"
"49","SUCCESS","0","1","32768","0","0.0","737","2","19.361380771411266","38.724358703839734","19.362977932428468"
"50","SUCCESS","0","9","32768","0","0.0","980","2","19.361380771411266","26.443646092526375","7.082265321115109"
"52","SUCCESS","0","3","32768","0","0.0","1160","2","19.361380771411266","23.38728361106999","4.025902839658723"
"55","SUCCESS","0","0","32768","0","0.0","1192","2","19.361380771411266","26.003646092526377","6.6422653211151115"
"56","SUCCESS","0","1","32768","0","0.0","690","2","19.361380771411266","37.95435870383974","18.59297793242847"
"57","SUCCESS","0","9","32768","0","0.0","1085","2","19.361380771411266","26.333646092526376","6.97226532111511"
"59","SUCCESS","0","4","32768","0","0.0","1108","2","19.361380771411266","24.409751446068874","5.048370674657608"
"60","SUCCESS","0","9","32768","0","0.0","658","2","28.311858703839782","43.67435870383971","15.362499999999926"
"62","SUCCESS","0","6","32768","0","0.0","1806","2","28.311858703839782","31.574358703839767","3.262499999999985"
"63","SUCCESS","0","0","32768","0","0.0","1063","2","28.311858703839782","35.20435870383975","6.89249999999997"
"64","SUCCESS","0","4","32768","0","0.0","984","2","28.311858703839782","35.09435870383975","6.78249999999997"
"65","SUCCESS","0","3","32768","0","0.0","1030","2","28.311858703839782","33.77435870383976","5.462499999999977"
"66","SUCCESS","0","9","32768","0","0.0","305","2","28.311858703839782","47.30435870383969","18.992499999999907"
"67","SUCCESS","0","0","32768","0","0.0","1086","2","28.311858703839782","34.98435870383975","6.672499999999971"
"69","SUCCESS","0","9","32768","0","0.0","201","2","28.311858703839782","48.84435870383968","20.5324999999999"
"70","SUCCESS","0","9","32768","0","0.0","556","2","28.311858703839782","41.58435870383972","13.272499999999937"
"71","SUCCESS","0","0","32768","0","0.0","678","2","28.311858703839782","35.09435870383975","6.78249999999997"
"72","SUCCESS","0","9","32768","0","0.0","384","2","28.311858703839782","44.114358703839706","15.802499999999924"
"73","SUCCESS","0","9","32768","0","0.0","326","2","28.311858703839782","47.30435870383969","18.992499999999907"
"74","SUCCESS","0","9","32768","0","0.0","118","2","28.311858703839782","58.501358703839635","30.189499999999853"
"76","SUCCESS","0","6","32768","0","0.0","249","2","28.311858703839782","31.904358703839765","3.5924999999999834"
"77","SUCCESS","0","4","32768","0","0.0","577","2","28.311858703839782","35.31435870383975","7.002499999999969"
"79","SUCCESS","0","9","32768","0","0.0","533","2","28.311858703839782","44.224358703839705","15.912499999999923"
"80","SUCCESS","0","6","32768","0","0.0","1730","2","28.311858703839782","31.684358703839766","3.3724999999999845"
"82","SUCCESS","0","3","32768","0","0.0","1039","2","28.311858703839782","33.77435870383976","5.462499999999977"
"83","SUCCESS","0","4","32768","0","0.0","805","2","28.311858703839782","35.20435870383975","6.89249999999997"
"84","SUCCESS","0","4","32768","0","0.0","941","2","28.311858703839782","35.20435870383975","6.89249999999997"
"86","SUCCESS","0","3","32768","0","0.0","1042","2","28.311858703839782","33.77435870383976","5.462499999999977"
"87","SUCCESS","0","6","32768","0","0.0","1397","2","28.311858703839782","31.684358703839766","3.3724999999999845"
"88","SUCCESS","0","4","32768","0","0.0","673","2","28.311858703839782","35.42435870383975","7.112499999999969"
"89","SUCCESS","0","3","32768","0","0.0","834","2","28.311858703839782","33.77435870383976","5.462499999999977"
"90","SUCCESS","0","9","32768","0","0.0","319","2","28.311858703839782","46.97435870383969","18.66249999999991"
"91","SUCCESS","0","0","32768","0","0.0","1113","2","28.311858703839782","35.09435870383975","6.78249999999997"
"92","SUCCESS","0","9","32768","0","0.0","939","2","39.16435870383973","52.23135870383967","13.066999999999936"
"94","SUCCESS","0","6","32768","0","0.0","1679","2","39.16435870383973","42.464358703839714","3.299999999999983"
"95","SUCCESS","0","4","32768","0","0.0","1031","2","39.16435870383973","44.6643587038397","5.499999999999972"
"96","SUCCESS","0","3","32768","0","0.0","1068","2","39.16435870383973","45.984358703839696","6.819999999999965"
"98","SUCCESS","0","0","32768","0","0.0","1435","2","39.16435870383973","44.444358703839704","5.279999999999973"
"100","SUCCESS","0","9","32768","0","0.0","931","2","39.16435870383973","52.12135870383967","12.956999999999937"
"101","SUCCESS","0","3","32768","0","0.0","1389","2","39.16435870383973","45.8743587038397","6.709999999999965"
"102","SUCCESS","0","3","32768","0","0.0","170","2","39.16435870383973","46.97435870383969","7.80999999999996"
"103","SUCCESS","0","9","32768","0","0.0","780","2","39.16435870383973","52.01135870383967","12.846999999999937"
"104","SUCCESS","0","1","32768","0","0.0","447","2","39.16435870383973","78.49260870383955","39.32824999999982"
"106","SUCCESS","0","6","32768","0","0.0","228","2","39.16435870383973","42.79435870383971","3.6299999999999812"
"108","SUCCESS","0","3","32768","0","0.0","1267","2","39.16435870383973","45.8743587038397","6.709999999999965"
"109","SUCCESS","0","9","32768","0","0.0","966","2","39.16435870383973","52.12135870383967","12.956999999999937"
"110","SUCCESS","0","4","32768","0","0.0","449","2","39.16435870383973","44.9943587038397","5.82999999999997"
"111","SUCCESS","0","0","32768","0","0.0","571","2","39.16435870383973","44.7743587038397","5.609999999999971"
"112","SUCCESS","0","1","32768","0","0.0","567","2","39.16435870383973","79.24685870383955","40.08249999999982"
"113","SUCCESS","0","1","32768","0","0.0","560","2","39.16435870383973","78.49260870383955","39.32824999999982"
"114","SUCCESS","0","6","32768","0","0.0","1589","2","39.16435870383973","42.464358703839714","3.299999999999983"
"115","SUCCESS","0","4","32768","0","0.0","1042","2","39.16435870383973","44.6643587038397","5.499999999999972"
"117","SUCCESS","0","1","32768","0","0.0","771","2","39.16435870383973","66.7388587038396","27.574499999999865"
"118","SUCCESS","0","4","32768","0","0.0","1016","2","39.16435870383973","44.5543587038397","5.389999999999972"
"119","SUCCESS","0","6","32768","0","0.0","1671","2","39.16435870383973","42.464358703839714","3.299999999999983"
"120","SUCCESS","0","0","32768","0","0.0","1442","2","39.16435870383973","44.5543587038397","5.389999999999972"
"121","SUCCESS","0","3","32768","0","0.0","1216","2","39.16435870383973","45.8743587038397","6.709999999999965"
"122","SUCCESS","0","4","32768","0","0.0","358","2","49.06435870383968","55.09135870383965","6.026999999999973"
"124","SUCCESS","0","1","32768","0","0.0","820","2","49.06435870383968","93.41085870383948","44.3464999999998"
"127","SUCCESS","0","2","32768","0","0.0","558","2","49.06435870383968","90.8838587038395","41.81949999999981"
"128","SUCCESS","0","6","32768","0","0.0","89","2","49.06435870383968","54.541358703839656","5.476999999999975"
"129","SUCCESS","0","1","32768","0","0.0","635","2","49.06435870383968","98.90435870383945","49.83999999999977"
"131","SUCCESS","0","9","32768","0","0.0","839","2","49.06435870383968","56.19135870383965","7.126999999999967"
"132","SUCCESS","0","1","32768","0","0.0","611","2","49.06435870383968","96.59435870383946","47.52999999999978"
"137","SUCCESS","0","0","32768","0","0.0","1568","2","49.06435870383968","53.001358703839664","3.9369999999999834"
"138","SUCCESS","0","4","32768","0","0.0","1206","2","49.06435870383968","54.431358703839656","5.366999999999976"
"139","SUCCESS","0","1","32768","0","0.0","883","2","49.06435870383968","87.80385870383951","38.73949999999983"
"140","SUCCESS","0","6","32768","0","0.0","1679","2","49.06435870383968","52.34135870383967","3.276999999999987"
"141","SUCCESS","0","0","32768","0","0.0","1444","2","49.06435870383968","53.11135870383966","4.046999999999983"
"142","SUCCESS","0","0","32768","0","0.0","651","2","49.06435870383968","53.22135870383966","4.156999999999982"
"144","SUCCESS","0","6","32768","0","0.0","1748","2","49.06435870383968","52.34135870383967","3.276999999999987"
"145","SUCCESS","0","1","32768","0","0.0","350","2","49.06435870383968","184.06985870384582","135.00550000000615"
"147","SUCCESS","0","4","32768","0","0.0","1085","2","49.06435870383968","54.541358703839656","5.476999999999975"
"148","SUCCESS","0","9","32768","0","0.0","997","2","49.06435870383968","56.19135870383965","7.126999999999967"
"149","SUCCESS","0","1","32768","0","0.0","857","2","49.06435870383968","94.94435870383947","45.87999999999979"
"150","SUCCESS","0","6","32768","0","0.0","1704","2","49.06435870383968","52.45135870383967","3.3869999999999862"
"151","SUCCESS","0","3","32768","0","0.0","1252","2","49.06435870383968","51.79135870383967","2.7269999999999897"
"152","SUCCESS","0","3","32768","0","0.0","1427","2","49.06435870383968","51.79135870383967","2.7269999999999897"
"153","SUCCESS","0","9","32768","0","0.0","985","2","49.06435870383968","56.08135870383965","7.0169999999999675"
"154","SUCCESS","0","4","32768","0","0.0","1081","2","49.06435870383968","54.541358703839656","5.476999999999975"
"155","SUCCESS","0","4","32768","0","0.0","927","2","59.16135870383963","64.53885870383961","5.377499999999976"
"156","SUCCESS","0","3","32768","0","0.0","928","2","59.16135870383963","68.49885870383959","9.337499999999956"
"158","SUCCESS","0","6","32768","0","0.0","1817","2","59.16135870383963","62.44885870383962","3.287499999999987"
"159","SUCCESS","0","9","32768","0","0.0","539","2","59.16135870383963","69.04885870383958","9.887499999999953"
"160","SUCCESS","0","0","32768","0","0.0","1180","2","59.16135870383963","65.9688587038396","6.807499999999969"
"161","SUCCESS","0","6","32768","0","0.0","1560","2","59.16135870383963","62.55885870383962","3.3974999999999866"
"163","SUCCESS","0","0","32768","0","0.0","152","2","59.16135870383963","66.6288587038396","7.467499999999966"
"164","SUCCESS","0","3","32768","0","0.0","211","2","59.16135870383963","70.14185870383959","10.980499999999957"
"165","SUCCESS","0","3","32768","0","0.0","994","2","59.16135870383963","68.93885870383959","9.777499999999954"
"166","SUCCESS","0","9","32768","0","0.0","733","2","59.16135870383963","69.15885870383958","9.997499999999953"
"167","SUCCESS","0","6","32768","0","0.0","1504","2","59.16135870383963","62.55885870383962","3.3974999999999866"
"170","SUCCESS","0","3","32768","0","0.0","1057","2","59.16135870383963","68.82885870383959","9.667499999999954"
"171","SUCCESS","0","4","32768","0","0.0","886","2","59.16135870383963","64.64885870383961","5.487499999999976"
"172","SUCCESS","0","4","32768","0","0.0","870","2","59.16135870383963","64.53885870383961","5.377499999999976"
"173","SUCCESS","0","9","32768","0","0.0","440","2","59.16135870383963","70.58185870383959","11.420499999999954"
"175","SUCCESS","0","6","32768","0","0.0","285","2","59.16135870383963","62.77885870383962","3.6174999999999855"
"176","SUCCESS","0","0","32768","0","0.0","1236","2","59.16135870383963","65.9688587038396","6.807499999999969"
"177","SUCCESS","0","9","32768","0","0.0","368","2","59.16135870383963","71.13185870383958","11.970499999999952"
"178","SUCCESS","0","9","32768","0","0.0","672","2","59.16135870383963","69.48885870383958","10.32749999999995"
"179","SUCCESS","0","3","32768","0","0.0","1075","2","59.16135870383963","68.93885870383959","9.777499999999954"
"180","SUCCESS","0","9","32768","0","0.0","689","2","59.16135870383963","68.71885870383959","9.557499999999955"
"181","SUCCESS","0","4","32768","0","0.0","814","2","59.16135870383963","64.64885870383961","5.487499999999976"
"182","SUCCESS","0","0","32768","0","0.0","1262","2","59.16135870383963","65.8588587038396","6.69749999999997"
"184","SUCCESS","0","3","32768","0","0.0","101","2","59.16135870383963","77.73185870383955","18.570499999999917"
"185","SUCCESS","0","9","32768","0","0.0","641","2","59.16135870383963","69.15885870383958","9.997499999999953"
"186","SUCCESS","0","3","32768","0","0.0","964","2","59.16135870383963","68.82885870383959","9.667499999999954"
"187","SUCCESS","0","0","32768","0","0.0","1415","2","59.16135870383963","65.9688587038396","6.807499999999969"
"189","SUCCESS","0","3","32768","0","0.0","89","2","69.15885870383958","77.40185870383955","8.242999999999967"
"190","SUCCESS","0","0","32768","0","0.0","1324","2","69.15885870383958","71.90185870383958","2.742999999999995"
"191","SUCCESS","0","4","32768","0","0.0","1526","2","69.15885870383958","73.22185870383957","4.062999999999988"
"194","SUCCESS","0","3","32768","0","0.0","1533","2","69.15885870383958","74.65185870383957","5.492999999999981"
"195","SUCCESS","0","4","32768","0","0.0","1279","2","69.15885870383958","73.22185870383957","4.062999999999988"
"196","SUCCESS","0","1","32768","0","0.0","839","2","69.15885870383958","119.34385870383936","50.184999999999775"
"197","SUCCESS","0","1","32768","0","0.0","463","2","69.15885870383958","161.32335870384316","92.16450000000357"
"198","SUCCESS","0","9","32768","0","0.0","1198","2","69.15885870383958","73.99185870383957","4.832999999999984"
"199","SUCCESS","0","9","32768","0","0.0","1169","2","69.15885870383958","73.99185870383957","4.832999999999984"
"200","SUCCESS","0","1","32768","0","0.0","908","2","69.15885870383958","119.01385870383936","49.85499999999978"
"202","SUCCESS","0","0","32768","0","0.0","1555","2","69.15885870383958","71.79185870383958","2.6329999999999956"
"206","SUCCESS","0","4","32768","0","0.0","883","2","69.15885870383958","73.22185870383957","4.062999999999988"
"209","SUCCESS","0","6","32768","0","0.0","191","2","69.15885870383958","75.53185870383956","6.372999999999976"
"212","SUCCESS","0","3","32768","0","0.0","1297","2","69.15885870383958","74.76185870383956","5.60299999999998"
"213","SUCCESS","0","6","32768","0","0.0","183","2","69.15885870383958","75.53185870383956","6.372999999999976"
"214","SUCCESS","0","6","32768","0","0.0","1568","2","69.15885870383958","74.43185870383957","5.272999999999982"
"216","SUCCESS","0","6","32768","0","0.0","1639","2","69.15885870383958","74.54185870383957","5.382999999999981"
"217","SUCCESS","0","9","32768","0","0.0","1171","2","69.15885870383958","73.99185870383957","4.832999999999984"
"218","SUCCESS","0","6","32768","0","0.0","1661","2","69.15885870383958","74.43185870383957","5.272999999999982"
"222","SUCCESS","0","4","32768","0","0.0","1061","2","78.06185870383955","82.10685870383953","4.0449999999999875"
"223","SUCCESS","0","1","32768","0","0.0","745","2","78.06185870383955","140.1088587038406","62.04700000000106"
"225","SUCCESS","0","3","32768","0","0.0","1235","2","78.06185870383955","83.31685870383953","5.254999999999981"
"228","SUCCESS","0","3","32768","0","0.0","157","2","78.06185870383955","85.07685870383952","7.014999999999972"
"231","SUCCESS","0","1","32768","0","0.0","753","2","78.06185870383955","140.98885870384072","62.92700000000117"
"232","SUCCESS","0","9","32768","0","0.0","824","2","78.06185870383955","83.42685870383953","5.364999999999981"
"233","SUCCESS","0","3","32768","0","0.0","1251","2","78.06185870383955","83.42685870383953","5.364999999999981"
"235","SUCCESS","0","0","32768","0","0.0","1473","2","78.06185870383955","83.42685870383953","5.364999999999981"
"236","SUCCESS","0","9","32768","0","0.0","955","2","78.06185870383955","83.64685870383953","5.5849999999999795"
"237","SUCCESS","0","9","32768","0","0.0","839","2","78.06185870383955","83.53685870383953","5.47499999999998"
"240","SUCCESS","0","0","32768","0","0.0","1737","2","78.06185870383955","83.42685870383953","5.364999999999981"
"242","SUCCESS","0","4","32768","0","0.0","1190","2","78.06185870383955","82.10685870383953","4.0449999999999875"
"243","SUCCESS","0","6","32768","0","0.0","843","2","78.06185870383955","82.10685870383953","4.0449999999999875"
"245","SUCCESS","0","3","32768","0","0.0","1217","2","78.06185870383955","83.42685870383953","5.364999999999981"
"246","SUCCESS","0","9","32768","0","0.0","1027","2","78.06185870383955","83.53685870383953","5.47499999999998"
"247","SUCCESS","0","0","32768","0","0.0","1737","2","78.06185870383955","83.31685870383953","5.254999999999981"
"248","SUCCESS","0","4","32768","0","0.0","1172","2","78.06185870383955","82.10685870383953","4.0449999999999875"
"250","SUCCESS","0","6","32768","0","0.0","1994","2","78.06185870383955","81.99685870383954","3.934999999999988"
"251","SUCCESS","0","0","32768","0","0.0","208","2","78.06185870383955","84.41685870383952","6.354999999999976"
"252","SUCCESS","0","4","32768","0","0.0","952","2","86.06685870383951","90.1138587038395","4.046999999999983"
"253","SUCCESS","0","3","32768","0","0.0","1494","2","86.06685870383951","90.0038587038395","3.9369999999999834"
"254","SUCCESS","0","6","32768","0","0.0","1682","2","86.06685870383951","90.7738587038395","4.706999999999979"
"257","SUCCESS","0","0","32768","0","0.0","1289","2","86.06685870383951","88.7938587038395","2.7269999999999897"
"259","SUCCESS","0","0","32768","0","0.0","1578","2","86.06685870383951","88.7938587038395","2.7269999999999897"
"260","SUCCESS","0","4","32768","0","0.0","1280","2","86.06685870383951","90.0038587038395","3.9369999999999834"
"261","SUCCESS","0","3","32768","0","0.0","1483","2","86.06685870383951","90.1138587038395","4.046999999999983"
"263","SUCCESS","0","6","32768","0","0.0","1602","2","86.06685870383951","90.6638587038395","4.59699999999998"
"265","SUCCESS","0","9","32768","0","0.0","304","2","86.06685870383951","92.20385870383949","6.136999999999972"
"266","SUCCESS","0","4","32768","0","0.0","1424","2","86.06685870383951","90.0038587038395","3.9369999999999834"
"268","SUCCESS","0","1","32768","0","0.0","814","2","86.06685870383951","148.68885870384167","62.62200000000216"
"270","SUCCESS","0","9","32768","0","0.0","1138","2","86.06685870383951","91.54385870383949","5.476999999999975"
"271","SUCCESS","0","9","32768","0","0.0","862","2","86.06685870383951","91.65385870383949","5.586999999999975"
"276","SUCCESS","0","1","32768","0","0.0","838","2","86.06685870383951","150.4488587038419","64.38200000000238"
"277","SUCCESS","0","6","32768","0","0.0","647","2","86.06685870383951","91.10385870383949","5.036999999999978"
"279","SUCCESS","0","9","32768","0","0.0","1263","2","86.06685870383951","91.43385870383949","5.366999999999976"
"281","SUCCESS","0","3","32768","0","0.0","577","2","86.06685870383951","90.2238587038395","4.156999999999982"
"283","SUCCESS","0","0","32768","0","0.0","1429","2","93.08385870383948","97.03435870383946","3.950499999999977"
"284","SUCCESS","0","9","32768","0","0.0","816","2","93.08385870383948","100.00435870383944","6.9204999999999615"
"286","SUCCESS","0","6","32768","0","0.0","1832","2","93.08385870383948","97.69435870383946","4.610499999999973"
"287","SUCCESS","0","9","32768","0","0.0","905","2","93.08385870383948","100.11435870383944","7.030499999999961"
"288","SUCCESS","0","3","32768","0","0.0","1131","2","93.08385870383948","98.57435870383945","5.490499999999969"
"294","SUCCESS","0","9","32768","0","0.0","214","2","93.08385870383948","101.43435870383944","8.350499999999954"
"295","SUCCESS","0","9","32768","0","0.0","846","2","93.08385870383948","100.11435870383944","7.030499999999961"
"296","SUCCESS","0","3","32768","0","0.0","1115","2","93.08385870383948","98.46435870383945","5.380499999999969"
"297","SUCCESS","0","4","32768","0","0.0","968","2","93.08385870383948","98.46435870383945","5.380499999999969"
"298","SUCCESS","0","1","32768","0","0.0","587","2","93.08385870383948","157.5833587038427","64.49950000000321"
"300","SUCCESS","0","6","32768","0","0.0","1485","2","93.08385870383948","97.80435870383945","4.720499999999973"
"301","SUCCESS","0","3","32768","0","0.0","439","2","93.08385870383948","98.90435870383945","5.820499999999967"
"303","SUCCESS","0","3","32768","0","0.0","992","2","93.08385870383948","98.57435870383945","5.490499999999969"
"304","SUCCESS","0","4","32768","0","0.0","790","2","93.08385870383948","98.57435870383945","5.490499999999969"
"305","SUCCESS","0","0","32768","0","0.0","1417","2","93.08385870383948","97.03435870383946","3.950499999999977"
"306","SUCCESS","0","4","32768","0","0.0","906","2","93.08385870383948","98.35435870383945","5.27049999999997"
"309","SUCCESS","0","1","32768","0","0.0","714","2","93.08385870383948","166.0388587038437","72.9550000000042"
"310","SUCCESS","0","9","32768","0","0.0","861","2","93.08385870383948","99.89435870383944","6.810499999999962"
"313","SUCCESS","0","4","32768","0","0.0","958","2","93.08385870383948","98.57435870383945","5.490499999999969"
"314","SUCCESS","0","0","32768","0","0.0","1001","2","93.08385870383948","97.14435870383946","4.060499999999976"
"315","SUCCESS","0","0","32768","0","0.0","1330","2","102.09435870383943","106.14535870383942","4.050999999999988"
"316","SUCCESS","0","3","32768","0","0.0","1328","2","102.09435870383943","106.14535870383942","4.050999999999988"
"317","SUCCESS","0","6","32768","0","0.0","1937","2","102.09435870383943","108.01535870383941","5.920999999999978"
"319","SUCCESS","0","1","32768","0","0.0","971","2","102.09435870383943","156.0433587038425","53.94900000000307"
"321","SUCCESS","0","1","32768","0","0.0","608","2","102.09435870383943","168.89885870384404","66.80450000000461"
"322","SUCCESS","0","0","32768","0","0.0","632","2","102.09435870383943","106.36535870383942","4.270999999999987"
"323","SUCCESS","0","3","32768","0","0.0","1300","2","102.09435870383943","106.14535870383942","4.050999999999988"
"324","SUCCESS","0","4","32768","0","0.0","1295","2","102.09435870383943","106.14535870383942","4.050999999999988"
"325","SUCCESS","0","0","32768","0","0.0","1473","2","102.09435870383943","106.14535870383942","4.050999999999988"
"326","SUCCESS","0","6","32768","0","0.0","1590","2","102.09435870383943","108.12535870383941","6.0309999999999775"
"327","SUCCESS","0","9","32768","0","0.0","520","2","102.09435870383943","107.68535870383941","5.59099999999998"
"328","SUCCESS","0","7","32768","0","0.0","820","2","102.09435870383943","192.52035870384677","90.42600000000733"
"330","SUCCESS","0","6","32768","0","0.0","94","2","102.09435870383943","163.1933587038434","61.099000000003954"
"331","SUCCESS","0","5","32768","0","0.0","950","2","102.09435870383943","206.48285870384848","104.38850000000905"
"333","SUCCESS","0","7","32768","0","0.0","929","2","102.09435870383943","204.1728587038482","102.07850000000876"
"334","SUCCESS","0","9","32768","0","0.0","1076","2","102.09435870383943","107.57535870383941","5.48099999999998"
"335","SUCCESS","0","9","32768","0","0.0","1045","2","102.09435870383943","107.57535870383941","5.48099999999998"
"337","SUCCESS","0","9","32768","0","0.0","1070","2","102.09435870383943","107.46535870383941","5.370999999999981"
"338","SUCCESS","0","3","32768","0","0.0","994","2","102.09435870383943","106.14535870383942","4.050999999999988"
"339","SUCCESS","0","4","32768","0","0.0","1110","2","102.09435870383943","106.25535870383942","4.160999999999987"
"340","SUCCESS","0","4","32768","0","0.0","1140","2","102.09435870383943","106.14535870383942","4.050999999999988"
"345","SUCCESS","0","0","32768","0","0.0","1550","2","111.0953587038394","115.16385870383938","4.068499999999986"
"348","SUCCESS","0","4","32768","0","0.0","735","2","111.0953587038394","116.59385870383937","5.498499999999979"
"349","SUCCESS","0","9","32768","0","0.0","798","2","111.0953587038394","117.91385870383937","6.818499999999972"
"352","SUCCESS","0","1","32768","0","0.0","625","2","111.0953587038394","179.56885870384536","68.47350000000597"
"353","SUCCESS","0","9","32768","0","0.0","594","2","111.0953587038394","118.13385870383937","7.038499999999971"
"354","SUCCESS","0","0","32768","0","0.0","582","2","111.0953587038394","115.27385870383938","4.1784999999999854"
"355","SUCCESS","0","4","32768","0","0.0","942","2","111.0953587038394","116.59385870383937","5.498499999999979"
"357","SUCCESS","0","3","32768","0","0.0","1270","2","111.0953587038394","115.16385870383938","4.068499999999986"
"358","SUCCESS","0","6","32768","0","0.0","1837","2","111.0953587038394","117.14385870383937","6.048499999999976"
"360","SUCCESS","0","0","32768","0","0.0","1592","2","111.0953587038394","115.05385870383938","3.9584999999999866"
"362","SUCCESS","0","6","32768","0","0.0","1714","2","111.0953587038394","117.03385870383937","5.938499999999976"
"365","SUCCESS","0","9","32768","0","0.0","691","2","111.0953587038394","118.02385870383937","6.928499999999971"
"366","SUCCESS","0","9","32768","0","0.0","720","2","111.0953587038394","118.13385870383937","7.038499999999971"
"367","SUCCESS","0","3","32768","0","0.0","1240","2","111.0953587038394","115.16385870383938","4.068499999999986"
"368","SUCCESS","0","3","32768","0","0.0","1067","2","111.0953587038394","115.16385870383938","4.068499999999986"
"370","SUCCESS","0","4","32768","0","0.0","1057","2","111.0953587038394","116.48385870383937","5.388499999999979"
"371","SUCCESS","0","9","32768","0","0.0","877","2","111.0953587038394","118.02385870383937","6.928499999999971"
"374","SUCCESS","0","1","32768","0","0.0","625","2","111.0953587038394","179.56885870384536","68.47350000000597"
"375","SUCCESS","0","4","32768","0","0.0","962","2","111.0953587038394","116.48385870383937","5.388499999999979"
"379","SUCCESS","0","4","32768","0","0.0","1014","2","122.09385870383935","130.11535870383958","8.02150000000023"
"380","SUCCESS","0","9","32768","0","0.0","802","2","122.09385870383935","128.90535870383943","6.8115000000000805"
"381","SUCCESS","0","4","32768","0","0.0","983","2","122.09385870383935","130.4393587038396","8.345500000000243"
"382","SUCCESS","0","4","32768","0","0.0","1124","2","122.09385870383935","130.4393587038396","8.345500000000243"
"383","SUCCESS","0","0","32768","0","0.0","1405","2","122.09385870383935","127.47535870383932","5.381499999999974"
"384","SUCCESS","0","6","32768","0","0.0","600","2","122.09385870383935","129.34535870383948","7.251500000000135"
"385","SUCCESS","0","4","32768","0","0.0","936","2","122.09385870383935","130.65935870383962","8.56550000000027"
"386","SUCCESS","0","9","32768","0","0.0","482","2","122.09385870383935","129.23535870383947","7.141500000000121"
"387","SUCCESS","0","3","32768","0","0.0","1367","2","122.09385870383935","128.6853587038394","6.591500000000053"
"388","SUCCESS","0","0","32768","0","0.0","840","2","122.09385870383935","127.47535870383932","5.381499999999974"
"390","SUCCESS","0","3","32768","0","0.0","1248","2","122.09385870383935","128.90535870383943","6.8115000000000805"
"392","SUCCESS","0","6","32768","0","0.0","1637","2","122.09385870383935","128.7953587038394","6.701500000000067"
"394","SUCCESS","0","0","32768","0","0.0","1410","2","122.09385870383935","127.36535870383932","5.271499999999975"
"395","SUCCESS","0","9","32768","0","0.0","791","2","122.09385870383935","128.7953587038394","6.701500000000067"
"397","SUCCESS","0","4","32768","0","0.0","158","2","122.09385870383935","133.51035870383987","11.416500000000525"
"398","SUCCESS","0","9","32768","0","0.0","916","2","122.09385870383935","128.90535870383943","6.8115000000000805"
"399","SUCCESS","0","4","32768","0","0.0","1083","2","122.09385870383935","130.11535870383958","8.02150000000023"
"401","SUCCESS","0","6","32768","0","0.0","1625","2","122.09385870383935","128.7953587038394","6.701500000000067"
"402","SUCCESS","0","9","32768","0","0.0","711","2","122.09385870383935","129.01535870383944","6.921500000000094"
"403","SUCCESS","0","0","32768","0","0.0","1523","2","122.09385870383935","127.36535870383932","5.271499999999975"
"404","SUCCESS","0","1","32768","0","0.0","677","2","122.09385870383935","182.74985870384566","60.656000000006316"
"405","SUCCESS","0","3","32768","0","0.0","1147","2","122.09385870383935","128.7953587038394","6.701500000000067"
"406","SUCCESS","0","3","32768","0","0.0","1199","2","122.09385870383935","128.7953587038394","6.701500000000067"
"407","SUCCESS","0","3","32768","0","0.0","269","2","122.09385870383935","129.12535870383945","7.031500000000108"
"408","SUCCESS","0","4","32768","0","0.0","1383","2","130.11535870383958","134.06035870383994","3.9450000000003627"
"410","SUCCESS","0","9","32768","0","0.0","1347","2","130.11535870383958","134.17035870383995","4.055000000000376"
"412","SUCCESS","0","6","32768","0","0.0","1204","2","130.11535870383958","143.188858703841","13.073500000001417"
"413","SUCCESS","0","6","32768","0","0.0","730","2","130.11535870383958","142.63885870384092","12.523500000001349"
"414","SUCCESS","0","3","32768","0","0.0","1745","2","130.11535870383958","134.06035870383994","3.9450000000003627"
"415","SUCCESS","0","1","32768","0","0.0","975","2","130.11535870383958","179.23885870384532","49.12350000000575"
"416","SUCCESS","0","6","32768","0","0.0","741","2","130.11535870383958","142.85885870384095","12.743500000001376"
"418","SUCCESS","0","6","32768","0","0.0","449","2","130.11535870383958","144.28885870384113","14.173500000001553"
"419","SUCCESS","0","6","32768","0","0.0","2299","2","130.11535870383958","142.08885870384086","11.97350000000128"
"420","SUCCESS","0","0","32768","0","0.0","1999","2","130.11535870383958","132.74035870383977","2.625000000000199"
"421","SUCCESS","0","9","32768","0","0.0","869","2","130.11535870383958","134.17035870383995","4.055000000000376"
"422","SUCCESS","0","4","32768","0","0.0","1511","2","130.11535870383958","134.06035870383994","3.9450000000003627"
"423","SUCCESS","0","6","32768","0","0.0","1315","2","130.11535870383958","143.188858703841","13.073500000001417"
"424","SUCCESS","0","3","32768","0","0.0","1013","2","130.11535870383958","134.17035870383995","4.055000000000376"
"425","SUCCESS","0","6","32768","0","0.0","1195","2","130.11535870383958","143.07885870384098","12.963500000001403"
"426","SUCCESS","0","6","32768","0","0.0","781","2","130.11535870383958","143.51885870384103","13.403500000001458"
"428","SUCCESS","0","9","32768","0","0.0","1408","2","130.11535870383958","134.17035870383995","4.055000000000376"
"430","SUCCESS","0","6","32768","0","0.0","1345","2","130.11535870383958","142.63885870384092","12.523500000001349"
"431","SUCCESS","0","0","32768","0","0.0","890","2","130.11535870383958","132.8503587038398","2.7350000000002126"
"432","SUCCESS","0","3","32768","0","0.0","102","2","130.11535870383958","137.6903587038404","7.575000000000813"
"434","SUCCESS","0","6","32768","0","0.0","1192","2","130.11535870383958","143.07885870384098","12.963500000001403"
"439","SUCCESS","0","0","32768","0","0.0","187","2","139.12035870384057","147.2588587038415","8.138500000000931"
"440","SUCCESS","0","0","32768","0","0.0","1370","2","139.12035870384057","145.7188587038413","6.59850000000074"
"441","SUCCESS","0","9","32768","0","0.0","921","2","139.12035870384057","144.50885870384116","5.38850000000059"
"442","SUCCESS","0","9","32768","0","0.0","882","2","139.12035870384057","144.50885870384116","5.38850000000059"
"443","SUCCESS","0","3","32768","0","0.0","1219","2","139.12035870384057","144.50885870384116","5.38850000000059"
"444","SUCCESS","0","6","32768","0","0.0","736","2","139.12035870384057","150.77885870384193","11.658500000001368"
"445","SUCCESS","0","1","32768","0","0.0","666","2","139.12035870384057","188.02985870384632","48.90950000000575"
"447","SUCCESS","0","0","32768","0","0.0","1875","2","139.12035870384057","145.82885870384132","6.708500000000754"
"448","SUCCESS","0","6","32768","0","0.0","646","2","139.12035870384057","150.99885870384196","11.878500000001395"
"449","SUCCESS","0","0","32768","0","0.0","220","2","139.12035870384057","146.4888587038414","7.368500000000836"
"450","SUCCESS","0","9","32768","0","0.0","847","2","139.12035870384057","144.61885870384117","5.498500000000604"
"451","SUCCESS","0","6","32768","0","0.0","527","2","139.12035870384057","150.99885870384196","11.878500000001395"
"452","SUCCESS","0","4","32768","0","0.0","823","2","139.12035870384057","144.61885870384117","5.498500000000604"
"453","SUCCESS","0","6","32768","0","0.0","457","2","139.12035870384057","151.75335870384197","12.633000000001402"
"454","SUCCESS","0","3","32768","0","0.0","1293","2","139.12035870384057","144.39885870384114","5.278500000000577"
"456","SUCCESS","0","4","32768","0","0.0","1097","2","139.12035870384057","144.61885870384117","5.498500000000604"
"458","SUCCESS","0","6","32768","0","0.0","654","2","139.12035870384057","151.10885870384197","11.988500000001409"
"460","SUCCESS","0","6","32768","0","0.0","548","2","139.12035870384057","151.328858703842","12.208500000001436"
"461","SUCCESS","0","4","32768","0","0.0","1050","2","139.12035870384057","144.39885870384114","5.278500000000577"
"462","SUCCESS","0","0","32768","0","0.0","1574","2","139.12035870384057","145.82885870384132","6.708500000000754"
"463","SUCCESS","0","6","32768","0","0.0","757","2","139.12035870384057","151.10885870384197","11.988500000001409"
"464","SUCCESS","0","3","32768","0","0.0","152","2","139.12035870384057","146.04885870384135","6.928500000000781"
"465","SUCCESS","0","4","32768","0","0.0","1010","2","139.12035870384057","144.50885870384116","5.38850000000059"
"466","SUCCESS","0","9","32768","0","0.0","780","2","139.12035870384057","144.50885870384116","5.38850000000059"
"467","SUCCESS","0","3","32768","0","0.0","1152","2","139.12035870384057","144.50885870384116","5.38850000000059"
"468","SUCCESS","0","3","32768","0","0.0","1328","2","151.10885870384197","156.48335870384255","5.37450000000058"
"469","SUCCESS","0","4","32768","0","0.0","943","2","151.10885870384197","158.02335870384275","6.914500000000771"
"470","SUCCESS","0","9","32768","0","0.0","868","2","151.10885870384197","160.66335870384307","9.554500000001099"
"472","SUCCESS","0","1","32768","0","0.0","725","2","151.10885870384197","193.84035870384693","42.73150000000496"
"473","SUCCESS","0","6","32768","0","0.0","1790","2","151.10885870384197","161.10335870384313","9.994500000001153"
"475","SUCCESS","0","6","32768","0","0.0","1481","2","151.10885870384197","161.43335870384317","10.324500000001194"
"476","SUCCESS","0","9","32768","0","0.0","321","2","151.10885870384197","161.54335870384318","10.434500000001208"
"477","SUCCESS","0","0","32768","0","0.0","1771","2","151.10885870384197","156.37335870384254","5.264500000000567"
"478","SUCCESS","0","4","32768","0","0.0","919","2","151.10885870384197","157.91335870384273","6.804500000000758"
"480","SUCCESS","0","9","32768","0","0.0","754","2","151.10885870384197","161.21335870384314","10.104500000001167"
"481","SUCCESS","0","3","32768","0","0.0","1289","2","151.10885870384197","156.59335870384257","5.484500000000594"
"483","SUCCESS","0","0","32768","0","0.0","1437","2","151.10885870384197","156.48335870384255","5.37450000000058"
"484","SUCCESS","0","3","32768","0","0.0","1105","2","151.10885870384197","156.48335870384255","5.37450000000058"
"485","SUCCESS","0","6","32768","0","0.0","630","2","151.10885870384197","162.31335870384328","11.204500000001303"
"486","SUCCESS","0","9","32768","0","0.0","816","2","151.10885870384197","160.9933587038431","9.88450000000114"
"487","SUCCESS","0","4","32768","0","0.0","952","2","151.10885870384197","158.02335870384275","6.914500000000771"
"488","SUCCESS","0","0","32768","0","0.0","1418","2","151.10885870384197","156.48335870384255","5.37450000000058"
"489","SUCCESS","0","6","32768","0","0.0","603","2","151.10885870384197","162.09335870384325","10.984500000001276"
"490","SUCCESS","0","0","32768","0","0.0","354","2","151.10885870384197","156.59335870384257","5.484500000000594"
"492","SUCCESS","0","6","32768","0","0.0","632","2","151.10885870384197","162.31335870384328","11.204500000001303"
"493","SUCCESS","0","9","32768","0","0.0","889","2","151.10885870384197","160.8833587038431","9.774500000001126"
"494","SUCCESS","0","6","32768","0","0.0","703","2","151.10885870384197","162.09335870384325","10.984500000001276"
"495","SUCCESS","0","6","32768","0","0.0","672","2","151.10885870384197","161.7633587038432","10.654500000001235"
"496","SUCCESS","0","6","32768","0","0.0","679","2","151.10885870384197","161.7633587038432","10.654500000001235"
"497","SUCCESS","0","9","32768","0","0.0","730","2","151.10885870384197","161.10335870384313","9.994500000001153"
"498","SUCCESS","0","3","32768","0","0.0","1385","2","151.10885870384197","156.37335870384254","5.264500000000567"
"499","SUCCESS","0","4","32768","0","0.0","978","2","151.10885870384197","157.91335870384273","6.804500000000758"
"500","SUCCESS","0","4","32768","0","0.0","1275","2","151.10885870384197","157.80335870384272","6.694500000000744"
"501","SUCCESS","0","9","32768","0","0.0","900","2","151.10885870384197","160.9933587038431","9.88450000000114"
"502","SUCCESS","0","0","32768","0","0.0","1108","2","165.06335870384362","171.8688587038444","6.805500000000791"
"503","SUCCESS","0","4","32768","0","0.0","475","2","165.06335870384362","181.4298587038455","16.366500000001878"
"504","SUCCESS","0","4","32768","0","0.0","678","2","165.06335870384362","179.7888587038454","14.725500000001773"
"505","SUCCESS","0","9","32768","0","0.0","168","2","165.06335870384362","172.41885870384448","7.355500000000859"
"507","SUCCESS","0","4","32768","0","0.0","409","2","165.06335870384362","180.11885870384543","15.055500000001814"
"508","SUCCESS","0","4","32768","0","0.0","456","2","165.06335870384362","180.98985870384544","15.926500000001823"
"509","SUCCESS","0","4","32768","0","0.0","426","2","165.06335870384362","180.5588587038455","15.495500000001869"
"510","SUCCESS","0","0","32768","0","0.0","877","2","165.06335870384362","171.97885870384442","6.9155000000008044"
"511","SUCCESS","0","3","32768","0","0.0","1029","2","165.06335870384362","173.18885870384457","8.125500000000955"
"512","SUCCESS","0","3","32768","0","0.0","571","2","165.06335870384362","173.51885870384461","8.455500000000995"
"514","SUCCESS","0","4","32768","0","0.0","497","2","165.06335870384362","181.86985870384555","16.806500000001932"
"515","SUCCESS","0","3","32768","0","0.0","866","2","165.06335870384362","173.4088587038446","8.345500000000982"
"517","SUCCESS","0","4","32768","0","0.0","840","2","165.06335870384362","180.11885870384543","15.055500000001814"
"518","SUCCESS","0","9","32768","0","0.0","370","2","165.06335870384362","170.9888587038443","5.925500000000682"
"519","SUCCESS","0","6","32768","0","0.0","1221","2","165.06335870384362","171.20885870384433","6.145500000000709"
"521","SUCCESS","0","9","32768","0","0.0","275","2","165.06335870384362","171.20885870384433","6.145500000000709"
"522","SUCCESS","0","0","32768","0","0.0","1124","2","165.06335870384362","171.97885870384442","6.9155000000008044"
"523","SUCCESS","0","3","32768","0","0.0","942","2","165.06335870384362","173.07885870384456","8.01550000000094"
"524","SUCCESS","0","4","32768","0","0.0","529","2","165.06335870384362","179.67885870384538","14.61550000000176"
"525","SUCCESS","0","3","32768","0","0.0","894","2","165.06335870384362","173.2988587038446","8.235500000000968"
"526","SUCCESS","0","9","32768","0","0.0","240","2","165.06335870384362","171.42885870384436","6.365500000000736"
"527","SUCCESS","0","4","32768","0","0.0","625","2","165.06335870384362","178.90885870384528","13.845500000001664"
"528","SUCCESS","0","0","32768","0","0.0","1071","2","165.06335870384362","171.97885870384442","6.9155000000008044"
"529","SUCCESS","0","4","32768","0","0.0","493","2","165.06335870384362","181.75985870384554","16.69650000000192"
"530","SUCCESS","0","0","32768","0","0.0","1087","2","165.06335870384362","171.7588587038444","6.695500000000777"
"531","SUCCESS","0","6","32768","0","0.0","738","2","165.06335870384362","171.31885870384434","6.255500000000723"
"532","SUCCESS","0","3","32768","0","0.0","976","2","165.06335870384362","173.2988587038446","8.235500000000968"
"533","SUCCESS","0","4","32768","0","0.0","388","2","180.11885870384543","186.70985870384615","6.591000000000719"
"534","SUCCESS","0","0","32768","0","0.0","1522","2","180.11885870384543","185.499858703846","5.381000000000569"
"535","SUCCESS","0","6","32768","0","0.0","1528","2","180.11885870384543","186.81985870384617","6.701000000000732"
"536","SUCCESS","0","9","32768","0","0.0","365","2","180.11885870384543","207.14285870384856","27.024000000003127"
"537","SUCCESS","0","0","32768","0","0.0","1386","2","180.11885870384543","185.389858703846","5.271000000000555"
"538","SUCCESS","0","9","32768","0","0.0","616","2","180.11885870384543","200.1028587038477","19.984000000002254"
"539","SUCCESS","0","9","32768","0","0.0","171","2","180.11885870384543","217.47085870384973","37.352000000004296"
"540","SUCCESS","0","9","32768","0","0.0","524","2","180.11885870384543","203.95285870384816","23.83400000000273"
"541","SUCCESS","0","9","32768","0","0.0","514","2","180.11885870384543","203.4028587038481","23.284000000002663"
"542","SUCCESS","0","4","32768","0","0.0","800","2","180.11885870384543","186.48985870384612","6.371000000000691"
"543","SUCCESS","0","4","32768","0","0.0","939","2","180.11885870384543","186.3798587038461","6.261000000000678"
"544","SUCCESS","0","3","32768","0","0.0","666","2","180.11885870384543","187.1498587038462","7.031000000000773"
"545","SUCCESS","0","0","32768","0","0.0","900","2","180.11885870384543","185.60985870384602","5.491000000000582"
"546","SUCCESS","0","6","32768","0","0.0","1823","2","180.11885870384543","186.59985870384614","6.481000000000705"
"547","SUCCESS","0","3","32768","0","0.0","1028","2","180.11885870384543","186.81985870384617","6.701000000000732"
"549","SUCCESS","0","9","32768","0","0.0","199","2","180.11885870384543","215.05085870384943","34.932000000003995"
"550","SUCCESS","0","3","32768","0","0.0","1093","2","180.11885870384543","186.81985870384617","6.701000000000732"
"551","SUCCESS","0","9","32768","0","0.0","560","2","180.11885870384543","205.27285870384833","25.154000000002895"
"552","SUCCESS","0","9","32768","0","0.0","561","2","180.11885870384543","205.16285870384831","25.04400000000288"
"553","SUCCESS","0","4","32768","0","0.0","777","2","180.11885870384543","186.3798587038461","6.261000000000678"
"555","SUCCESS","0","9","32768","0","0.0","557","2","180.11885870384543","205.16285870384831","25.04400000000288"
"556","SUCCESS","0","6","32768","0","0.0","1693","2","180.11885870384543","186.81985870384617","6.701000000000732"
"557","SUCCESS","0","9","32768","0","0.0","227","2","180.11885870384543","207.14285870384856","27.024000000003127"
"558","SUCCESS","0","0","32768","0","0.0","1411","2","180.11885870384543","185.499858703846","5.381000000000569"
"559","SUCCESS","0","9","32768","0","0.0","562","2","180.11885870384543","205.16285870384831","25.04400000000288"
"560","SUCCESS","0","9","32768","0","0.0","514","2","180.11885870384543","203.4028587038481","23.284000000002663"
"561","SUCCESS","0","3","32768","0","0.0","1098","2","180.11885870384543","186.81985870384617","6.701000000000732"
"562","SUCCESS","0","3","32768","0","0.0","1377","2","180.11885870384543","186.70985870384615","6.591000000000719"
"563","SUCCESS","0","0","32768","0","0.0","1082","2","190.11985870384657","195.60035870384715","5.480500000000575"
"564","SUCCESS","0","3","32768","0","0.0","104","2","190.11985870384657","195.38035870384712","5.2605000000005475"
"567","SUCCESS","0","4","32768","0","0.0","963","2","190.11985870384657","195.49035870384714","5.370500000000561"
"568","SUCCESS","0","3","32768","0","0.0","1329","2","190.11985870384657","194.17035870384697","4.0505000000003974"
"569","SUCCESS","0","9","32768","0","0.0","947","2","190.11985870384657","210.54085870384887","20.421000000002294"
"571","SUCCESS","0","9","32768","0","0.0","959","2","190.11985870384657","210.65085870384888","20.531000000002308"
"575","SUCCESS","0","4","32768","0","0.0","261","2","190.11985870384657","196.26035870384723","6.140500000000657"
"576","SUCCESS","0","0","32768","0","0.0","1645","2","190.11985870384657","195.49035870384714","5.370500000000561"
"577","SUCCESS","0","1","32768","0","0.0","732","2","190.11985870384657","262.61510870385496","72.49525000000838"
"578","SUCCESS","0","6","32768","0","0.0","1182","2","190.11985870384657","197.80035870384742","7.680500000000848"
"579","SUCCESS","0","3","32768","0","0.0","1501","2","190.11985870384657","194.06035870384696","3.940500000000384"
"581","SUCCESS","0","4","32768","0","0.0","1469","2","190.11985870384657","195.38035870384712","5.2605000000005475"
"582","SUCCESS","0","1","32768","0","0.0","730","2","190.11985870384657","262.39510870385493","72.27525000000836"
"583","SUCCESS","0","6","32768","0","0.0","375","2","190.11985870384657","198.34285870384747","8.223000000000894"
"584","SUCCESS","0","9","32768","0","0.0","836","2","190.11985870384657","209.56285870384886","19.443000000002286"
"585","SUCCESS","0","0","32768","0","0.0","189","2","190.11985870384657","196.37035870384724","6.25050000000067"
"588","SUCCESS","0","6","32768","0","0.0","487","2","190.11985870384657","199.66285870384763","9.543000000001058"
"589","SUCCESS","0","4","32768","0","0.0","1293","2","190.11985870384657","195.60035870384715","5.480500000000575"
"592","SUCCESS","0","9","32768","0","0.0","236","2","190.11985870384657","214.94085870384941","24.82100000000284"
"593","SUCCESS","0","6","32768","0","0.0","1666","2","190.11985870384657","197.47035870384738","7.350500000000807"
"595","SUCCESS","0","6","32768","0","0.0","767","2","198.13035870384746","213.9508587038493","15.820500000001829"
"596","SUCCESS","0","4","32768","0","0.0","958","2","198.13035870384746","202.19285870384795","4.062500000000483"
"597","SUCCESS","0","9","32768","0","0.0","499","2","198.13035870384746","214.61085870384937","16.48050000000191"
"598","SUCCESS","0","4","32768","0","0.0","1262","2","198.13035870384746","202.19285870384795","4.062500000000483"
"599","SUCCESS","0","6","32768","0","0.0","939","2","198.13035870384746","214.0608587038493","15.930500000001842"
"601","SUCCESS","0","3","32768","0","0.0","1214","2","198.13035870384746","202.19285870384795","4.062500000000483"
"602","SUCCESS","0","6","32768","0","0.0","1873","2","198.13035870384746","212.96085870384917","14.830500000001706"
"605","SUCCESS","0","1","32768","0","0.0","1097","2","198.13035870384746","270.855858703856","72.72550000000851"
"607","SUCCESS","0","6","32768","0","0.0","1381","2","198.13035870384746","213.07085870384918","14.94050000000172"
"608","SUCCESS","0","6","32768","0","0.0","994","2","198.13035870384746","212.96085870384917","14.830500000001706"
"609","SUCCESS","0","6","32768","0","0.0","421","2","198.13035870384746","215.27085870384946","17.140500000001992"
"611","SUCCESS","0","0","32768","0","0.0","1677","2","198.13035870384746","203.4028587038481","5.272500000000633"
"612","SUCCESS","0","1","32768","0","0.0","1134","2","198.13035870384746","274.70585870385645","76.57550000000899"
"613","SUCCESS","0","4","32768","0","0.0","1261","2","198.13035870384746","202.19285870384795","4.062500000000483"
"614","SUCCESS","0","0","32768","0","0.0","507","2","198.13035870384746","203.62285870384812","5.4925000000006605"
"615","SUCCESS","0","9","32768","0","0.0","1188","2","198.13035870384746","213.1808587038492","15.050500000001733"
"616","SUCCESS","0","6","32768","0","0.0","624","2","198.13035870384746","213.9508587038493","15.820500000001829"
"617","SUCCESS","0","6","32768","0","0.0","850","2","198.13035870384746","212.74085870384914","14.610500000001679"
"618","SUCCESS","0","0","32768","0","0.0","1748","2","198.13035870384746","203.4028587038481","5.272500000000633"
"619","SUCCESS","0","6","32768","0","0.0","342","2","198.13035870384746","217.69085870384976","19.560500000002293"
"620","SUCCESS","0","6","32768","0","0.0","920","2","198.13035870384746","213.84085870384928","15.710500000001815"
"621","SUCCESS","0","3","32768","0","0.0","1349","2","198.13035870384746","202.19285870384795","4.062500000000483"
"622","SUCCESS","0","6","32768","0","0.0","439","2","198.13035870384746","215.49085870384948","17.36050000000202"
"623","SUCCESS","0","6","32768","0","0.0","891","2","198.13035870384746","213.51085870384924","15.380500000001774"
"624","SUCCESS","0","3","32768","0","0.0","1368","2","198.13035870384746","202.19285870384795","4.062500000000483"
"625","SUCCESS","0","6","32768","0","0.0","601","2","198.13035870384746","215.27085870384946","17.140500000001992"
"627","SUCCESS","0","6","32768","0","0.0","670","2","209.1228587038488","224.16510870385054","15.04225000000173"
"628","SUCCESS","0","6","32768","0","0.0","639","2","209.1228587038488","224.38510870385056","15.262250000001757"
"630","SUCCESS","0","6","32768","0","0.0","189","2","209.1228587038488","233.73060870385163","24.607750000002824"
"633","SUCCESS","0","0","32768","0","0.0","371","2","209.1228587038488","221.96510870385026","12.842250000001457"
"634","SUCCESS","0","3","32768","0","0.0","1086","2","209.1228587038488","214.61085870384937","5.488000000000568"
"635","SUCCESS","0","6","32768","0","0.0","657","2","209.1228587038488","224.82510870385062","15.702250000001811"
"636","SUCCESS","0","4","32768","0","0.0","1041","2","209.1228587038488","215.93085870384954","6.808000000000732"
"637","SUCCESS","0","1","32768","0","0.0","760","2","209.1228587038488","292.5928587038585","83.47000000000969"
"639","SUCCESS","0","3","32768","0","0.0","1235","2","209.1228587038488","214.61085870384937","5.488000000000568"
"640","SUCCESS","0","4","32768","0","0.0","1172","2","209.1228587038488","215.93085870384954","6.808000000000732"
"641","SUCCESS","0","6","32768","0","0.0","731","2","209.1228587038488","223.50510870385045","14.382250000001648"
"642","SUCCESS","0","6","32768","0","0.0","551","2","209.1228587038488","225.37510870385069","16.25225000000188"
"643","SUCCESS","0","9","32768","0","0.0","897","2","209.1228587038488","216.59085870384962","7.4680000000008135"
"644","SUCCESS","0","3","32768","0","0.0","1387","2","209.1228587038488","214.39085870384935","5.268000000000541"
"645","SUCCESS","0","4","32768","0","0.0","1019","2","209.1228587038488","216.04085870384955","6.918000000000745"
"646","SUCCESS","0","3","32768","0","0.0","1489","2","209.1228587038488","214.50085870384936","5.378000000000554"
"647","SUCCESS","0","9","32768","0","0.0","977","2","209.1228587038488","216.59085870384962","7.4680000000008135"
"648","SUCCESS","0","6","32768","0","0.0","549","2","209.1228587038488","225.15510870385066","16.032250000001852"
"649","SUCCESS","0","1","32768","0","0.0","957","2","209.1228587038488","296.442858703859","87.32000000001017"
"652","SUCCESS","0","4","32768","0","0.0","831","2","209.1228587038488","216.04085870384955","6.918000000000745"
"653","SUCCESS","0","0","32768","0","0.0","1736","2","209.1228587038488","218.24085870384982","9.118000000001018"
"654","SUCCESS","0","0","32768","0","0.0","1552","2","209.1228587038488","218.57085870384986","9.448000000001059"
"655","SUCCESS","0","0","32768","0","0.0","1503","2","209.1228587038488","218.35085870384984","9.228000000001032"
"656","SUCCESS","0","4","32768","0","0.0","1207","2","209.1228587038488","215.82085870384952","6.698000000000718"
"658","SUCCESS","0","9","32768","0","0.0","88","2","219.12085870384993","254.38310870385402","35.26225000000409"
"659","SUCCESS","0","6","32768","0","0.0","943","2","219.12085870384993","234.06060870385167","14.939750000001737"
"660","SUCCESS","0","4","32768","0","0.0","105","2","219.12085870384993","236.04060870385192","16.919750000001983"
"662","SUCCESS","0","4","32768","0","0.0","1197","2","219.12085870384993","224.6051087038506","5.484250000000657"
"663","SUCCESS","0","9","32768","0","0.0","1102","2","219.12085870384993","225.92510870385075","6.80425000000082"
"664","SUCCESS","0","6","32768","0","0.0","817","2","219.12085870384993","234.3906087038517","15.269750000001778"
"665","SUCCESS","0","3","32768","0","0.0","1317","2","219.12085870384993","223.0651087038504","3.9442500000004657"
"666","SUCCESS","0","6","32768","0","0.0","873","2","219.12085870384993","234.3906087038517","15.269750000001778"
"667","SUCCESS","0","4","32768","0","0.0","1225","2","219.12085870384993","224.6051087038506","5.484250000000657"
"670","SUCCESS","0","0","32768","0","0.0","1359","2","219.12085870384993","227.68510870385097","8.564250000001039"
"671","SUCCESS","0","3","32768","0","0.0","1247","2","219.12085870384993","223.0651087038504","3.9442500000004657"
"672","SUCCESS","0","0","32768","0","0.0","1377","2","219.12085870384993","227.9006087038509","8.779750000000973"
"673","SUCCESS","0","6","32768","0","0.0","610","2","219.12085870384993","235.0506087038518","15.92975000000186"
"676","SUCCESS","0","1","32768","0","0.0","1007","2","219.12085870384993","321.9578587038621","102.83700000001215"
"677","SUCCESS","0","9","32768","0","0.0","1087","2","219.12085870384993","225.81510870385074","6.694250000000807"
"678","SUCCESS","0","6","32768","0","0.0","465","2","219.12085870384993","235.1606087038518","16.039750000001874"
"679","SUCCESS","0","9","32768","0","0.0","735","2","219.12085870384993","225.92510870385075","6.80425000000082"
"680","SUCCESS","0","6","32768","0","0.0","165","2","219.12085870384993","353.960358703866","134.83950000001607"
"681","SUCCESS","0","0","32768","0","0.0","219","2","219.12085870384993","235.27060870385182","16.149750000001887"
"682","SUCCESS","0","6","32768","0","0.0","847","2","219.12085870384993","234.06060870385167","14.939750000001737"
"683","SUCCESS","0","3","32768","0","0.0","371","2","219.12085870384993","223.50510870385045","4.38425000000052"
"685","SUCCESS","0","6","32768","0","0.0","1412","2","219.12085870384993","233.84060870385164","14.71975000000171"
"686","SUCCESS","0","6","32768","0","0.0","440","2","219.12085870384993","234.72060870385175","15.59975000000182"
"687","SUCCESS","0","4","32768","0","0.0","471","2","219.12085870384993","224.82510870385062","5.704250000000684"
"688","SUCCESS","0","9","32768","0","0.0","1033","2","219.12085870384993","225.81510870385074","6.694250000000807"
"689","SUCCESS","0","3","32768","0","0.0","1238","2","227.1351087038509","232.41060870385147","5.275500000000562"
"690","SUCCESS","0","4","32768","0","0.0","1181","2","227.1351087038509","235.27060870385182","8.135500000000917"
"692","SUCCESS","0","4","32768","0","0.0","1152","2","227.1351087038509","235.1606087038518","8.025500000000903"
"694","SUCCESS","0","6","32768","0","0.0","268","2","227.1351087038509","251.52310870385367","24.388000000002762"
"695","SUCCESS","0","9","32768","0","0.0","811","2","227.1351087038509","234.06060870385167","6.925500000000767"
"696","SUCCESS","0","4","32768","0","0.0","154","2","227.1351087038509","237.57335870385208","10.438250000001176"
"698","SUCCESS","0","0","32768","0","0.0","1531","2","227.1351087038509","237.79010870385204","10.655000000001138"
"699","SUCCESS","0","3","32768","0","0.0","105","2","227.1351087038509","235.60060870385186","8.465500000000958"
"700","SUCCESS","0","0","32768","0","0.0","349","2","227.1351087038509","240.5361087038524","13.401000000001488"
"701","SUCCESS","0","9","32768","0","0.0","992","2","227.1351087038509","233.95060870385166","6.815500000000753"
"703","SUCCESS","0","9","32768","0","0.0","1048","2","227.1351087038509","233.95060870385166","6.815500000000753"
"704","SUCCESS","0","0","32768","0","0.0","235","2","227.1351087038509","240.86610870385243","13.73100000000153"
"706","SUCCESS","0","3","32768","0","0.0","1245","2","227.1351087038509","232.41060870385147","5.275500000000562"
"707","SUCCESS","0","4","32768","0","0.0","342","2","227.1351087038509","235.9306087038519","8.795500000000999"
"709","SUCCESS","0","6","32768","0","0.0","338","2","227.1351087038509","247.6731087038532","20.538000000002285"
"710","SUCCESS","0","9","32768","0","0.0","634","2","227.1351087038509","234.06060870385167","6.925500000000767"
"712","SUCCESS","0","6","32768","0","0.0","602","2","227.1351087038509","243.17610870385272","16.041000000001816"
"713","SUCCESS","0","6","32768","0","0.0","761","2","227.1351087038509","242.9561087038527","15.821000000001789"
"714","SUCCESS","0","3","32768","0","0.0","1388","2","227.1351087038509","232.41060870385147","5.275500000000562"
"716","SUCCESS","0","0","32768","0","0.0","1862","2","227.1351087038509","238.00610870385208","10.871000000001175"
"717","SUCCESS","0","4","32768","0","0.0","1191","2","227.1351087038509","235.38060870385183","8.24550000000093"
"718","SUCCESS","0","6","32768","0","0.0","733","2","227.1351087038509","242.2961087038526","15.161000000001707"
"719","SUCCESS","0","4","32768","0","0.0","666","2","237.14060870385205","241.4161087038525","4.275500000000449"
"720","SUCCESS","0","6","32768","0","0.0","1182","2","237.14060870385205","259.8831087038547","22.74250000000265"
"721","SUCCESS","0","6","32768","0","0.0","851","2","237.14060870385205","261.7441087038549","24.603500000002867"
"722","SUCCESS","0","3","32768","0","0.0","1427","2","237.14060870385205","241.08610870385246","3.9455000000004077"
"723","SUCCESS","0","3","32768","0","0.0","1412","2","237.14060870385205","241.19610870385247","4.055500000000421"
"724","SUCCESS","0","6","32768","0","0.0","886","2","237.14060870385205","259.6631087038547","22.522500000002623"
"725","SUCCESS","0","6","32768","0","0.0","870","2","237.14060870385205","259.44310870385465","22.302500000002595"
"727","SUCCESS","0","9","32768","0","0.0","1256","2","237.14060870385205","242.51610870385264","5.375500000000585"
"730","SUCCESS","0","6","32768","0","0.0","954","2","237.14060870385205","260.21310870385474","23.07250000000269"
"731","SUCCESS","0","3","32768","0","0.0","652","2","237.14060870385205","241.3061087038525","4.165500000000435"
"732","SUCCESS","0","6","32768","0","0.0","1012","2","237.14060870385205","261.09310870385485","23.9525000000028"
"734","SUCCESS","0","6","32768","0","0.0","435","2","237.14060870385205","275.9158587038566","38.77525000000455"
"735","SUCCESS","0","0","32768","0","0.0","1675","2","237.14060870385205","246.2501087038531","9.109500000001049"
"736","SUCCESS","0","9","32768","0","0.0","1260","2","237.14060870385205","242.51610870385264","5.375500000000585"
"737","SUCCESS","0","4","32768","0","0.0","1299","2","237.14060870385205","241.3061087038525","4.165500000000435"
"738","SUCCESS","0","6","32768","0","0.0","921","2","237.14060870385205","260.7631087038548","23.62250000000276"
"739","SUCCESS","0","0","32768","0","0.0","1511","2","237.14060870385205","246.2501087038531","9.109500000001049"
"741","SUCCESS","0","6","32768","0","0.0","608","2","237.14060870385205","266.2451087038554","29.104500000003355"
"743","SUCCESS","0","4","32768","0","0.0","1329","2","237.14060870385205","241.3061087038525","4.165500000000435"
"745","SUCCESS","0","6","32768","0","0.0","1217","2","237.14060870385205","260.6531087038548","23.512500000002746"
"746","SUCCESS","0","6","32768","0","0.0","1222","2","237.14060870385205","260.7631087038548","23.62250000000276"
"747","SUCCESS","0","9","32768","0","0.0","1155","2","237.14060870385205","242.51610870385264","5.375500000000585"
"748","SUCCESS","0","6","32768","0","0.0","923","2","237.14060870385205","260.7631087038548","23.62250000000276"
"749","SUCCESS","0","6","32768","0","0.0","493","2","237.14060870385205","264.7051087038552","27.564500000003164"
"751","SUCCESS","0","4","32768","0","0.0","1314","2","246.1461087038531","250.2031087038535","4.057000000000414"
"752","SUCCESS","0","6","32768","0","0.0","558","2","246.1461087038531","297.9778587038591","51.831750000006025"
"754","SUCCESS","0","6","32768","0","0.0","416","2","246.1461087038531","325.03785870386247","78.89175000000938"
"755","SUCCESS","0","6","32768","0","0.0","349","2","246.1461087038531","338.4503587038641","92.304250000011"
"756","SUCCESS","0","6","32768","0","0.0","568","2","246.1461087038531","298.30785870385915","52.161750000006066"
"757","SUCCESS","0","6","32768","0","0.0","500","2","246.1461087038531","292.0428587038584","45.89675000000534"
"758","SUCCESS","0","9","32768","0","0.0","965","2","246.1461087038531","252.84310870385383","6.697000000000742"
"759","SUCCESS","0","3","32768","0","0.0","275","2","246.1461087038531","250.86310870385358","4.717000000000496"
"760","SUCCESS","0","6","32768","0","0.0","128","2","246.1461087038531","364.96035870386737","118.81425000001428"
"762","SUCCESS","0","9","32768","0","0.0","574","2","246.1461087038531","253.06310870385386","6.917000000000769"
"764","SUCCESS","0","0","32768","0","0.0","1770","2","246.1461087038531","255.59310870385417","9.447000000001083"
"765","SUCCESS","0","6","32768","0","0.0","783","2","246.1461087038531","292.4828587038585","46.336750000005395"
"766","SUCCESS","0","9","32768","0","0.0","886","2","246.1461087038531","253.06310870385386","6.917000000000769"
"767","SUCCESS","0","3","32768","0","0.0","1861","2","246.1461087038531","250.0931087038535","3.9470000000004006"
"768","SUCCESS","0","6","32768","0","0.0","523","2","246.1461087038531","294.2428587038587","48.09675000000561"
"769","SUCCESS","0","0","32768","0","0.0","1903","2","246.1461087038531","255.37310870385414","9.227000000001055"
"770","SUCCESS","0","6","32768","0","0.0","611","2","246.1461087038531","291.1628587038583","45.01675000000523"
"771","SUCCESS","0","6","32768","0","0.0","540","2","246.1461087038531","296.0028587038589","49.85675000000583"
"773","SUCCESS","0","6","32768","0","0.0","544","2","246.1461087038531","296.442858703859","50.296750000005886"
"776","SUCCESS","0","9","32768","0","0.0","1206","2","246.1461087038531","252.84310870385383","6.697000000000742"
"777","SUCCESS","0","4","32768","0","0.0","1082","2","246.1461087038531","250.2031087038535","4.057000000000414"
"778","SUCCESS","0","4","32768","0","0.0","1333","2","246.1461087038531","250.2031087038535","4.057000000000414"
"779","SUCCESS","0","6","32768","0","0.0","884","2","246.1461087038531","281.3898587038572","35.24375000000413"
"781","SUCCESS","0","6","32768","0","0.0","519","2","246.1461087038531","293.80285870385865","47.65675000000556"
"782","SUCCESS","0","3","32768","0","0.0","1514","2","246.1461087038531","250.2031087038535","4.057000000000414"
"785","SUCCESS","0","6","32768","0","0.0","714","2","246.1461087038531","285.78985870385776","39.64375000000467"
"786","SUCCESS","0","6","32768","0","0.0","392","2","255.15310870385412","338.4503587038641","83.29725000000997"
"787","SUCCESS","0","6","32768","0","0.0","222","2","255.15310870385412","356.3803587038663","101.22725000001219"
"788","SUCCESS","0","3","32768","0","0.0","1470","2","255.15310870385412","260.43310870385477","5.280000000000655"
"789","SUCCESS","0","9","32768","0","0.0","1057","2","255.15310870385412","260.5431087038548","5.3900000000006685"
"790","SUCCESS","0","3","32768","0","0.0","783","2","255.15310870385412","260.5431087038548","5.3900000000006685"
"791","SUCCESS","0","4","32768","0","0.0","1210","2","255.15310870385412","259.2231087038546","4.070000000000505"
"792","SUCCESS","0","6","32768","0","0.0","202","2","255.15310870385412","358.5803587038666","103.42725000001246"
"794","SUCCESS","0","0","32768","0","0.0","1919","2","255.15310870385412","265.91510870385537","10.762000000001251"
"795","SUCCESS","0","9","32768","0","0.0","483","2","255.15310870385412","260.8731087038548","5.720000000000709"
"797","SUCCESS","0","6","32768","0","0.0","372","2","255.15310870385412","343.18035870386467","88.02725000001055"
"798","SUCCESS","0","9","32768","0","0.0","1063","2","255.15310870385412","260.5431087038548","5.3900000000006685"
"799","SUCCESS","0","3","32768","0","0.0","165","2","255.15310870385412","263.6051087038551","8.452000000000965"
"800","SUCCESS","0","6","32768","0","0.0","957","2","255.15310870385412","300.61785870385944","45.464750000005324"
"801","SUCCESS","0","3","32768","0","0.0","1244","2","255.15310870385412","260.43310870385477","5.280000000000655"
"802","SUCCESS","0","6","32768","0","0.0","711","2","255.15310870385412","312.3878587038609","57.234750000006784"
"803","SUCCESS","0","4","32768","0","0.0","1126","2","255.15310870385412","259.2231087038546","4.070000000000505"
"804","SUCCESS","0","6","32768","0","0.0","597","2","255.15310870385412","310.40785870386065","55.25475000000654"
"806","SUCCESS","0","6","32768","0","0.0","946","2","255.15310870385412","300.2878587038594","45.13475000000528"
"808","SUCCESS","0","6","32768","0","0.0","361","2","255.15310870385412","342.19035870386455","87.03725000001043"
"809","SUCCESS","0","9","32768","0","0.0","962","2","255.15310870385412","260.6531087038548","5.500000000000682"
"810","SUCCESS","0","6","32768","0","0.0","399","2","255.15310870385412","338.7803587038641","83.62725000001001"
"812","SUCCESS","0","0","32768","0","0.0","1548","2","255.15310870385412","266.1351087038554","10.982000000001278"
"813","SUCCESS","0","6","32768","0","0.0","946","2","255.15310870385412","300.2878587038594","45.13475000000528"
"815","SUCCESS","0","6","32768","0","0.0","481","2","255.15310870385412","307.98785870386035","52.83475000000624"
"816","SUCCESS","0","6","32768","0","0.0","901","2","255.15310870385412","297.7578587038591","42.60475000000497"
"817","SUCCESS","0","4","32768","0","0.0","1109","2","255.15310870385412","259.1131087038546","3.960000000000491"
"819","SUCCESS","0","4","32768","0","0.0","94","2","261.09310870385485","268.33510870385567","7.2420000000008145"
"820","SUCCESS","0","9","32768","0","0.0","931","2","261.09310870385485","266.57510870385545","5.482000000000596"
"821","SUCCESS","0","9","32768","0","0.0","1089","2","261.09310870385485","266.57510870385545","5.482000000000596"
"822","SUCCESS","0","0","32768","0","0.0","1960","2","261.09310870385485","273.82585870385634","12.732750000001488"
"823","SUCCESS","0","6","32768","0","0.0","604","2","261.09310870385485","320.3078587038619","59.21475000000703"
"824","SUCCESS","0","9","32768","0","0.0","422","2","261.09310870385485","266.7951087038555","5.7020000000006235"
"825","SUCCESS","0","6","32768","0","0.0","870","2","261.09310870385485","306.8878587038602","45.794750000005365"
"827","SUCCESS","0","9","32768","0","0.0","1128","2","261.09310870385485","266.57510870385545","5.482000000000596"
"828","SUCCESS","0","6","32768","0","0.0","678","2","261.09310870385485","324.4878587038624","63.39475000000755"
"829","SUCCESS","0","6","32768","0","0.0","348","2","261.09310870385485","345.49035870386496","84.3972500000101"
"831","SUCCESS","0","6","32768","0","0.0","598","2","261.09310870385485","319.6478587038618","58.55475000000695"
"832","SUCCESS","0","0","32768","0","0.0","1507","2","261.09310870385485","274.1558587038564","13.062750000001529"
"833","SUCCESS","0","6","32768","0","0.0","618","2","261.09310870385485","321.8478587038621","60.75475000000722"
"834","SUCCESS","0","6","32768","0","0.0","727","2","261.09310870385485","322.8378587038622","61.74475000000734"
"835","SUCCESS","0","6","32768","0","0.0","701","2","261.09310870385485","321.407858703862","60.314750000007166"
"836","SUCCESS","0","6","32768","0","0.0","762","2","261.09310870385485","319.5378587038618","58.444750000006934"
"837","SUCCESS","0","0","32768","0","0.0","155","2","261.09310870385485","278.8598587038569","17.766750000002048"
"838","SUCCESS","0","6","32768","0","0.0","661","2","261.09310870385485","323.8278587038623","62.734750000007466"
"839","SUCCESS","0","3","32768","0","0.0","1886","2","261.09310870385485","265.69510870385534","4.602000000000487"
"840","SUCCESS","0","3","32768","0","0.0","1325","2","261.09310870385485","265.80510870385535","4.712000000000501"
"842","SUCCESS","0","4","32768","0","0.0","1724","2","261.09310870385485","265.14510870385527","4.052000000000419"
"843","SUCCESS","0","6","32768","0","0.0","822","2","261.09310870385485","310.9578587038607","49.86475000000587"
"844","SUCCESS","0","3","32768","0","0.0","410","2","261.09310870385485","266.0251087038554","4.932000000000528"
"847","SUCCESS","0","4","32768","0","0.0","1762","2","261.09310870385485","265.14510870385527","4.052000000000419"
"848","SUCCESS","0","9","32768","0","0.0","1096","2","269.10510870385576","274.3758587038564","5.270750000000646"
"849","SUCCESS","0","4","32768","0","0.0","1477","2","269.10510870385576","273.16585870385626","4.060750000000496"
"850","SUCCESS","0","9","32768","0","0.0","1082","2","269.10510870385576","274.4858587038564","5.38075000000066"
"851","SUCCESS","0","3","32768","0","0.0","1528","2","269.10510870385576","273.05585870385625","3.9507500000004825"
"855","SUCCESS","0","6","32768","0","0.0","150","2","269.10510870385576","361.990358703867","92.88525000001124"
"857","SUCCESS","0","4","32768","0","0.0","1186","2","269.10510870385576","273.16585870385626","4.060750000000496"
"858","SUCCESS","0","6","32768","0","0.0","469","2","269.10510870385576","320.85785870386195","51.75275000000619"
"859","SUCCESS","0","9","32768","0","0.0","1088","2","269.10510870385576","274.59585870385644","5.4907500000006735"
"860","SUCCESS","0","9","32768","0","0.0","430","2","269.10510870385576","274.81585870385646","5.710750000000701"
"861","SUCCESS","0","0","32768","0","0.0","1630","2","269.10510870385576","281.82985870385727","12.724750000001507"
"864","SUCCESS","0","6","32768","0","0.0","313","2","269.10510870385576","350.33035870386556","81.2252500000098"
"865","SUCCESS","0","0","32768","0","0.0","384","2","269.10510870385576","285.67985870385775","16.574750000001984"
"867","SUCCESS","0","3","32768","0","0.0","527","2","269.10510870385576","273.2758587038563","4.17075000000051"
"868","SUCCESS","0","6","32768","0","0.0","782","2","269.10510870385576","328.44035870386284","59.33525000000708"
"869","SUCCESS","0","6","32768","0","0.0","693","2","269.10510870385576","332.7303587038634","63.62525000000761"
"870","SUCCESS","0","6","32768","0","0.0","843","2","269.10510870385576","316.3478587038614","47.24275000000563"
"871","SUCCESS","0","6","32768","0","0.0","1001","2","269.10510870385576","322.8378587038622","53.73275000000643"
"873","SUCCESS","0","6","32768","0","0.0","571","2","269.10510870385576","329.32035870386295","60.21525000000719"
"874","SUCCESS","0","6","32768","0","0.0","845","2","269.10510870385576","316.4578587038614","47.35275000000564"
"875","SUCCESS","0","3","32768","0","0.0","1545","2","269.10510870385576","273.16585870385626","4.060750000000496"
"876","SUCCESS","0","4","32768","0","0.0","940","2","269.10510870385576","273.2758587038563","4.17075000000051"
"877","SUCCESS","0","6","32768","0","0.0","733","2","269.10510870385576","327.5678587038628","58.46275000000702"
"878","SUCCESS","0","6","32768","0","0.0","191","2","276.1358587038566","356.71035870386635","80.57450000000972"
"879","SUCCESS","0","3","32768","0","0.0","1407","2","276.1358587038566","281.4998587038572","5.364000000000601"
"881","SUCCESS","0","4","32768","0","0.0","1360","2","276.1358587038566","280.17985870385706","4.0440000000004375"
"882","SUCCESS","0","6","32768","0","0.0","970","2","276.1358587038566","326.9078587038627","50.772000000006074"
"884","SUCCESS","0","3","32768","0","0.0","629","2","276.1358587038566","281.71985870385726","5.5840000000006285"
"885","SUCCESS","0","9","32768","0","0.0","1197","2","276.1358587038566","280.17985870385706","4.0440000000004375"
"887","SUCCESS","0","6","32768","0","0.0","765","2","276.1358587038566","332.51035870386335","56.37450000000672"
"888","SUCCESS","0","6","32768","0","0.0","820","2","276.1358587038566","325.9178587038626","49.78200000000595"
"890","SUCCESS","0","4","32768","0","0.0","909","2","276.1358587038566","280.17985870385706","4.0440000000004375"
"891","SUCCESS","0","6","32768","0","0.0","843","2","276.1358587038566","323.38785870386226","47.25200000000564"
"892","SUCCESS","0","9","32768","0","0.0","1257","2","276.1358587038566","280.17985870385706","4.0440000000004375"
"893","SUCCESS","0","6","32768","0","0.0","1007","2","276.1358587038566","328.0003587038628","51.86450000000616"
"894","SUCCESS","0","9","32768","0","0.0","1011","2","276.1358587038566","280.17985870385706","4.0440000000004375"
"896","SUCCESS","0","6","32768","0","0.0","547","2","276.1358587038566","331.9603587038633","55.82450000000665"
"898","SUCCESS","0","6","32768","0","0.0","960","2","276.1358587038566","326.57785870386266","50.44200000000603"
"900","SUCCESS","0","4","32768","0","0.0","1349","2","276.1358587038566","280.17985870385706","4.0440000000004375"
"901","SUCCESS","0","6","32768","0","0.0","1165","2","276.1358587038566","327.45785870386277","51.32200000000614"
"902","SUCCESS","0","3","32768","0","0.0","1488","2","276.1358587038566","281.4998587038572","5.364000000000601"
"904","SUCCESS","0","0","32768","0","0.0","1068","2","276.1358587038566","287.9728587038579","11.837000000001296"
"905","SUCCESS","0","1","32768","0","0.0","758","2","276.1358587038566","359.4603587038667","83.32450000001006"
"906","SUCCESS","0","0","32768","0","0.0","1607","2","276.1358587038566","288.19285870385795","12.057000000001324"
"908","SUCCESS","0","6","32768","0","0.0","405","2","276.1358587038566","344.72035870386486","68.58450000000823"
"911","SUCCESS","0","9","32768","0","0.0","334","2","286.1198587038578","296.662858703859","10.5430000000012"
"912","SUCCESS","0","6","32768","0","0.0","558","2","286.1198587038578","337.1303587038639","51.01050000000612"
"915","SUCCESS","0","9","32768","0","0.0","997","2","286.1198587038578","296.0028587038589","9.883000000001118"
"916","SUCCESS","0","6","32768","0","0.0","426","2","286.1198587038578","340.3203587038643","54.200500000006514"
"917","SUCCESS","0","4","32768","0","0.0","1079","2","286.1198587038578","293.03285870385855","6.91300000000075"
"918","SUCCESS","0","4","32768","0","0.0","1020","2","286.1198587038578","292.8128587038585","6.693000000000723"
"919","SUCCESS","0","6","32768","0","0.0","522","2","286.1198587038578","336.0303587038638","49.91050000000598"
"920","SUCCESS","0","6","32768","0","0.0","419","2","286.1198587038578","339.9903587038643","53.87050000000647"
"921","SUCCESS","0","4","32768","0","0.0","896","2","286.1198587038578","293.03285870385855","6.91300000000075"
"922","SUCCESS","0","0","32768","0","0.0","1400","2","286.1198587038578","297.7578587038591","11.638000000001284"
"923","SUCCESS","0","0","32768","0","0.0","1647","2","286.1198587038578","297.21285870385907","11.093000000001268"
"924","SUCCESS","0","6","32768","0","0.0","468","2","286.1198587038578","336.9103587038639","50.79050000000609"
"925","SUCCESS","0","4","32768","0","0.0","1003","2","286.1198587038578","293.03285870385855","6.91300000000075"
"927","SUCCESS","0","9","32768","0","0.0","753","2","286.1198587038578","296.22285870385895","10.103000000001146"
"928","SUCCESS","0","9","32768","0","0.0","782","2","286.1198587038578","295.7828587038589","9.663000000001091"
"930","SUCCESS","0","3","32768","0","0.0","921","2","286.1198587038578","291.49285870385836","5.373000000000559"
"932","SUCCESS","0","9","32768","0","0.0","853","2","286.1198587038578","295.56285870385886","9.443000000001064"
"933","SUCCESS","0","4","32768","0","0.0","1210","2","286.1198587038578","292.8128587038585","6.693000000000723"
"934","SUCCESS","0","9","32768","0","0.0","739","2","286.1198587038578","296.11285870385893","9.993000000001132"
"935","SUCCESS","0","3","32768","0","0.0","1243","2","286.1198587038578","291.38285870385835","5.263000000000545"
"937","SUCCESS","0","3","32768","0","0.0","1506","2","286.1198587038578","291.49285870385836","5.373000000000559"
"939","SUCCESS","0","9","32768","0","0.0","820","2","286.1198587038578","296.0028587038589","9.883000000001118"
"943","SUCCESS","0","3","32768","0","0.0","1201","2","297.10285870385906","305.34785870386","8.24500000000097"
"944","SUCCESS","0","0","32768","0","0.0","1335","2","297.10285870385906","310.6278587038607","13.525000000001626"
"946","SUCCESS","0","3","32768","0","0.0","309","2","297.10285870385906","306.22785870386014","9.12500000000108"
"947","SUCCESS","0","0","32768","0","0.0","1644","2","297.10285870385906","311.06785870386074","13.96500000000168"
"949","SUCCESS","0","6","32768","0","0.0","670","2","297.10285870385906","342.08035870386453","44.97750000000548"
"950","SUCCESS","0","6","32768","0","0.0","490","2","297.10285870385906","341.2003587038644","44.09750000000537"
"951","SUCCESS","0","3","32768","0","0.0","1325","2","297.10285870385906","305.23785870386","8.135000000000957"
"953","SUCCESS","0","6","32768","0","0.0","968","2","297.10285870385906","338.01035870386403","40.90750000000497"
"954","SUCCESS","0","9","32768","0","0.0","1090","2","297.10285870385906","301.1678587038595","4.0650000000004525"
"955","SUCCESS","0","0","32768","0","0.0","753","2","297.10285870385906","311.06785870386074","13.96500000000168"
"957","SUCCESS","0","9","32768","0","0.0","1047","2","297.10285870385906","301.1678587038595","4.0650000000004525"
"958","SUCCESS","0","4","32768","0","0.0","625","2","297.10285870385906","301.1678587038595","4.0650000000004525"
"959","SUCCESS","0","6","32768","0","0.0","840","2","297.10285870385906","337.790358703864","40.687500000004945"
"960","SUCCESS","0","9","32768","0","0.0","704","2","297.10285870385906","301.2778587038595","4.175000000000466"
"962","SUCCESS","0","6","32768","0","0.0","226","2","297.10285870385906","356.60035870386633","59.49750000000728"
"963","SUCCESS","0","4","32768","0","0.0","1127","2","297.10285870385906","301.1678587038595","4.0650000000004525"
"964","SUCCESS","0","3","32768","0","0.0","1201","2","297.10285870385906","305.34785870386","8.24500000000097"
"966","SUCCESS","0","6","32768","0","0.0","969","2","297.10285870385906","338.01035870386403","40.90750000000497"
"967","SUCCESS","0","6","32768","0","0.0","381","2","297.10285870385906","347.2503587038652","50.14750000000612"
"969","SUCCESS","0","6","32768","0","0.0","293","2","297.10285870385906","350.8803587038656","53.77750000000657"
"970","SUCCESS","0","4","32768","0","0.0","1188","2","297.10285870385906","301.1678587038595","4.0650000000004525"
"971","SUCCESS","0","3","32768","0","0.0","1205","2","297.10285870385906","305.45785870386004","8.355000000000985"
"974","SUCCESS","0","6","32768","0","0.0","1020","2","297.10285870385906","338.5603587038641","41.45750000000504"
"975","SUCCESS","0","6","32768","0","0.0","939","2","297.10285870385906","338.23035870386406","41.127500000005"
"976","SUCCESS","0","4","32768","0","0.0","912","2","327.1278587038627","333.8303587038635","6.702500000000782"
"977","SUCCESS","0","4","32768","0","0.0","690","2","327.1278587038627","334.05035870386354","6.9225000000008095"
"978","SUCCESS","0","3","32768","0","0.0","998","2","327.1278587038627","335.4803587038637","8.352500000000987"
"979","SUCCESS","0","3","32768","0","0.0","952","2","327.1278587038627","335.2603587038637","8.13250000000096"
"980","SUCCESS","0","0","32768","0","0.0","1966","2","327.1278587038627","345.1603587038649","18.032500000002187"
"981","SUCCESS","0","0","32768","0","0.0","1493","2","327.1278587038627","345.38035870386494","18.252500000002215"
"983","SUCCESS","0","3","32768","0","0.0","1085","2","327.1278587038627","335.1503587038637","8.022500000000946"
"985","SUCCESS","0","0","32768","0","0.0","1100","2","327.1278587038627","347.03035870386515","19.90250000000242"
"986","SUCCESS","0","0","32768","0","0.0","387","2","327.1278587038627","348.4603587038653","21.332500000002597"
"987","SUCCESS","0","4","32768","0","0.0","842","2","327.1278587038627","334.16035870386355","7.032500000000823"
"988","SUCCESS","0","3","32768","0","0.0","1042","2","327.1278587038627","335.3703587038637","8.242500000000973"
"989","SUCCESS","0","3","32768","0","0.0","951","2","327.1278587038627","335.2603587038637","8.13250000000096"
"991","SUCCESS","0","4","32768","0","0.0","639","2","327.1278587038627","334.16035870386355","7.032500000000823"
"996","SUCCESS","0","4","32768","0","0.0","940","2","327.1278587038627","334.05035870386354","6.9225000000008095"
