kind,cpu_cores,mips,ram,storage,bandwidth
0,4,1000,8012,32768,16
1,4,2000,12288,32768,16
2,4,2000,4096,32768,16
3,4,2000,4096,32768,16
4,4,1000,8012,32768,16
5,4,1000,8012,32768,16
6,4,1000,8012,32768,16
7,4,4000,4096,32768,16
8,4,2000,8012,32768,16
9,4,4000,12288,32768,16
10,4,4000,8012,32768,16
11,4,1000,12288,32768,16
12,4,2000,12288,32768,16
13,4,2000,8012,32768,16
14,4,2000,4096,32768,16
15,4,1000,4096,32768,16
16,4,1000,8012,32768,16
17,4,4000,8012,32768,16
18,4,1000,8012,32768,16
19,4,4000,12288,32768,16
20,4,2000,12288,32768,16
21,4,4000,12288,32768,16
22,4,4000,8012,32768,16
23,4,2000,8012,32768,16
24,4,4000,12288,32768,16
25,4,4000,12288,32768,16
26,4,2000,4096,32768,16
27,4,4000,8012,32768,16
28,4,4000,8012,32768,16
29,4,4000,8012,32768,16
30,4,1000,4096,32768,16
31,4,1000,8012,32768,16
32,4,1000,8012,32768,16
33,4,1000,8012,32768,16
34,4,2000,12288,32768,16
35,4,2000,12288,32768,16
36,4,4000,4096,32768,16
37,4,4000,8012,32768,16
38,4,2000,8012,32768,16
39,4,2000,12288,32768,16
40,4,1000,8012,32768,16
41,4,2000,12288,32768,16
42,4,1000,4096,32768,16
43,4,1000,4096,32768,16
44,4,1000,12288,32768,16
45,4,1000,12288,32768,16
46,4,2000,8012,32768,16
47,4,4000,4096,32768,16
48,4,2000,12288,32768,16
49,4,2000,4096,32768,16
50,4,4000,12288,32768,16
51,4,2000,4096,32768,16
52,4,2000,12288,32768,16
53,4,4000,8012,32768,16
54,4,1000,12288,32768,16
55,4,2000,12288,32768,16
56,4,4000,8012,32768,16
57,4,4000,4096,32768,16
58,4,4000,8012,32768,16
59,4,1000,4096,32768,16
60,4,4000,8012,32768,16
61,4,2000,8012,32768,16
62,4,4000,8012,32768,16
63,4,4000,4096,32768,16
64,4,2000,12288,32768,16
65,4,4000,12288,32768,16
66,4,1000,4096,32768,16
67,4,4000,8012,32768,16
68,4,2000,12288,32768,16
69,4,4000,4096,32768,16
70,4,1000,12288,32768,16
71,4,1000,4096,32768,16
72,4,4000,8012,32768,16
73,4,1000,8012,32768,16
74,4,1000,8012,32768,16
75,4,2000,12288,32768,16
76,4,1000,12288,32768,16
77,4,4000,12288,32768,16
78,4,2000,12288,32768,16
79,4,4000,8012,32768,16
80,4,4000,12288,32768,16
81,4,2000,12288,32768,16
82,4,1000,4096,32768,16
83,4,2000,8012,32768,16
84,4,2000,12288,32768,16
85,4,1000,8012,32768,16
86,4,4000,4096,32768,16
87,4,2000,8012,32768,16
88,4,4000,4096,32768,16
89,4,1000,4096,32768,16
90,4,4000,8012,32768,16
91,4,2000,8012,32768,16
92,4,1000,12288,32768,16
93,4,2000,8012,32768,16
94,4,1000,8012,32768,16
95,4,4000,8012,32768,16
96,4,1000,12288,32768,16
97,4,1000,12288,32768,16
98,4,4000,8012,32768,16
99,4,4000,8012,32768,16
100,4,4000,8012,32768,16
101,4,1000,4096,32768,16
102,4,1000,4096,32768,16
103,4,4000,4096,32768,16
104,4,4000,8012,32768,16
105,4,2000,4096,32768,16
106,4,1000,8012,32768,16
107,4,1000,12288,32768,16
108,4,1000,8012,32768,16
109,4,1000,8012,32768,16
110,4,4000,12288,32768,16
111,4,1000,12288,32768,16
112,4,2000,12288,32768,16
113,4,1000,4096,32768,16
114,4,1000,8012,32768,16
115,4,2000,8012,32768,16
116,4,2000,8012,32768,16
117,4,1000,4096,32768,16
118,4,1000,12288,32768,16
119,4,1000,4096,32768,16
120,4,4000,12288,32768,16
121,4,4000,8012,32768,16
122,4,4000,4096,32768,16
123,4,4000,12288,32768,16
124,4,4000,8012,32768,16
125,4,4000,12288,32768,16
126,4,2000,12288,32768,16
127,4,2000,4096,32768,16
128,4,2000,12288,32768,16
129,4,4000,12288,32768,16
130,4,4000,12288,32768,16
131,4,1000,8012,32768,16
132,4,4000,8012,32768,16
133,4,2000,4096,32768,16
134,4,2000,12288,32768,16
135,4,1000,12288,32768,16
136,4,4000,8012,32768,16
137,4,2000,12288,32768,16
138,4,1000,4096,32768,16
139,4,4000,4096,32768,16
140,4,1000,4096,32768,16
141,4,4000,8012,32768,16
142,4,2000,12288,32768,16
143,4,2000,4096,32768,16
144,4,4000,4096,32768,16
145,4,2000,12288,32768,16
146,4,4000,8012,32768,16
147,4,1000,4096,32768,16
148,4,4000,4096,32768,16
149,4,2000,8012,32768,16
150,4,2000,4096,32768,16
151,4,4000,8012,32768,16
152,4,1000,12288,32768,16
153,4,1000,8012,32768,16
154,4,4000,12288,32768,16
155,4,2000,4096,32768,16
156,4,1000,8012,32768,16
157,4,4000,4096,32768,16
158,4,1000,12288,32768,16
159,4,1000,4096,32768,16
160,4,1000,12288,32768,16
161,4,1000,8012,32768,16
162,4,2000,12288,32768,16
163,4,1000,4096,32768,16
164,4,4000,4096,32768,16
165,4,1000,12288,32768,16
166,4,2000,8012,32768,16
167,4,2000,8012,32768,16
168,4,2000,4096,32768,16
169,4,1000,4096,32768,16
170,4,1000,8012,32768,16
171,4,4000,8012,32768,16
172,4,1000,4096,32768,16
173,4,4000,8012,32768,16
174,4,4000,8012,32768,16
175,4,2000,4096,32768,16
176,4,1000,4096,32768,16
177,4,1000,4096,32768,16
178,4,2000,4096,32768,16
179,4,2000,8012,32768,16
180,4,1000,4096,32768,16
181,4,4000,8012,32768,16
182,4,1000,4096,32768,16
183,4,1000,4096,32768,16
184,4,2000,4096,32768,16
185,4,2000,4096,32768,16
186,4,4000,12288,32768,16
187,4,2000,4096,32768,16
188,4,1000,4096,32768,16
189,4,2000,8012,32768,16
190,4,1000,4096,32768,16
191,4,4000,8012,32768,16
192,4,4000,4096,32768,16
193,4,4000,8012,32768,16
194,4,2000,4096,32768,16
195,4,1000,8012,32768,16
196,4,4000,12288,32768,16
197,4,4000,12288,32768,16
198,4,4000,12288,32768,16
199,4,2000,8012,32768,16
200,4,1000,4096,32768,16
201,4,2000,4096,32768,16
202,4,2000,12288,32768,16
203,4,1000,8012,32768,16
204,4,1000,4096,32768,16
205,4,2000,4096,32768,16
206,4,2000,4096,32768,16
207,4,2000,12288,32768,16
208,4,4000,8012,32768,16
209,4,2000,4096,32768,16
210,4,4000,8012,32768,16
211,4,4000,8012,32768,16
212,4,2000,12288,32768,16
213,4,4000,12288,32768,16
214,4,1000,12288,32768,16
215,4,1000,8012,32768,16
216,4,1000,12288,32768,16
217,4,2000,4096,32768,16
218,4,1000,8012,32768,16
219,4,2000,12288,32768,16
220,4,4000,12288,32768,16
221,4,4000,8012,32768,16
222,4,4000,8012,32768,16
223,4,4000,12288,32768,16
224,4,4000,8012,32768,16
225,4,4000,4096,32768,16
226,4,2000,8012,32768,16
227,4,4000,4096,32768,16
228,4,2000,12288,32768,16
229,4,4000,12288,32768,16
230,4,1000,8012,32768,16
231,4,1000,4096,32768,16
232,4,2000,8012,32768,16
233,4,1000,4096,32768,16
234,4,4000,8012,32768,16
235,4,2000,4096,32768,16
236,4,2000,12288,32768,16
237,4,4000,4096,32768,16
238,4,2000,4096,32768,16
239,4,2000,12288,32768,16
240,4,4000,8012,32768,16
241,4,2000,12288,32768,16
242,4,2000,12288,32768,16
243,4,2000,12288,32768,16
244,4,1000,4096,32768,16
245,4,2000,4096,32768,16
246,4,2000,4096,32768,16
247,4,1000,4096,32768,16
248,4,2000,12288,32768,16
249,4,2000,8012,32768,16
250,4,1000,8012,32768,16
251,4,1000,8012,32768,16
252,4,1000,12288,32768,16
253,4,2000,12288,32768,16
254,4,1000,12288,32768,16
255,4,4000,8012,32768,16
256,4,2000,8012,32768,16
257,4,2000,12288,32768,16
258,4,1000,4096,32768,16
259,4,2000,8012,32768,16
260,4,1000,4096,32768,16
261,4,2000,12288,32768,16
262,4,2000,8012,32768,16
263,4,1000,8012,32768,16
264,4,4000,12288,32768,16
265,4,2000,12288,32768,16
266,4,1000,12288,32768,16
267,4,2000,12288,32768,16
268,4,4000,8012,32768,16
269,4,2000,4096,32768,16
270,4,1000,4096,32768,16
271,4,1000,8012,32768,16
272,4,1000,12288,32768,16
273,4,4000,4096,32768,16
274,4,4000,8012,32768,16
275,4,2000,4096,32768,16
276,4,4000,8012,32768,16
277,4,4000,4096,32768,16
278,4,1000,4096,32768,16
279,4,1000,8012,32768,16
280,4,2000,8012,32768,16
281,4,2000,12288,32768,16
282,4,2000,8012,32768,16
283,4,1000,4096,32768,16
284,4,2000,8012,32768,16
285,4,4000,8012,32768,16
286,4,4000,12288,32768,16
287,4,1000,8012,32768,16
288,4,4000,4096,32768,16
289,4,1000,12288,32768,16
290,4,2000,4096,32768,16
291,4,1000,8012,32768,16
292,4,2000,4096,32768,16
293,4,2000,8012,32768,16
294,4,4000,12288,32768,16
295,4,4000,12288,32768,16
296,4,4000,12288,32768,16
297,4,1000,12288,32768,16
298,4,4000,4096,32768,16
299,4,4000,8012,32768,16
300,4,2000,4096,32768,16
301,4,1000,12288,32768,16
302,4,1000,4096,32768,16
303,4,1000,12288,32768,16
304,4,4000,12288,32768,16
305,4,4000,12288,32768,16
306,4,4000,4096,32768,16
307,4,2000,8012,32768,16
308,4,1000,4096,32768,16
309,4,1000,8012,32768,16
310,4,1000,8012,32768,16
311,4,1000,8012,32768,16
312,4,2000,8012,32768,16
313,4,2000,12288,32768,16
314,4,1000,4096,32768,16
315,4,4000,8012,32768,16
316,4,1000,12288,32768,16
317,4,2000,12288,32768,16
318,4,2000,8012,32768,16
319,4,1000,4096,32768,16
320,4,2000,8012,32768,16
321,4,1000,4096,32768,16
322,4,4000,8012,32768,16
323,4,1000,8012,32768,16
324,4,2000,4096,32768,16
325,4,1000,8012,32768,16
326,4,4000,12288,32768,16
327,4,1000,4096,32768,16
328,4,4000,12288,32768,16
329,4,4000,8012,32768,16
330,4,1000,12288,32768,16
331,4,2000,4096,32768,16
332,4,2000,4096,32768,16
333,4,4000,8012,32768,16
334,4,2000,8012,32768,16
335,4,4000,12288,32768,16
336,4,4000,12288,32768,16
337,4,1000,12288,32768,16
338,4,2000,4096,32768,16
339,4,2000,8012,32768,16
340,4,1000,12288,32768,16
341,4,1000,8012,32768,16
342,4,1000,4096,32768,16
343,4,2000,4096,32768,16
344,4,1000,8012,32768,16
345,4,4000,4096,32768,16
346,4,4000,4096,32768,16
347,4,2000,12288,32768,16
348,4,1000,8012,32768,16
349,4,1000,8012,32768,16
350,4,1000,4096,32768,16
351,4,2000,4096,32768,16
352,4,4000,4096,32768,16
353,4,1000,8012,32768,16
354,4,4000,8012,32768,16
355,4,2000,8012,32768,16
356,4,4000,12288,32768,16
357,4,1000,4096,32768,16
358,4,1000,4096,32768,16
359,4,1000,4096,32768,16
360,4,1000,12288,32768,16
361,4,2000,4096,32768,16
362,4,2000,8012,32768,16
363,4,1000,8012,32768,16
364,4,4000,8012,32768,16
365,4,4000,12288,32768,16
366,4,2000,4096,32768,16
367,4,1000,12288,32768,16
368,4,2000,12288,32768,16
369,4,4000,12288,32768,16
370,4,4000,12288,32768,16
371,4,1000,12288,32768,16
372,4,1000,4096,32768,16
373,4,2000,8012,32768,16
374,4,1000,12288,32768,16
375,4,1000,4096,32768,16
376,4,2000,12288,32768,16
377,4,2000,8012,32768,16
378,4,1000,12288,32768,16
379,4,2000,4096,32768,16
380,4,1000,4096,32768,16
381,4,1000,4096,32768,16
382,4,1000,8012,32768,16
383,4,2000,8012,32768,16
384,4,2000,12288,32768,16
385,4,4000,8012,32768,16
386,4,4000,4096,32768,16
387,4,1000,12288,32768,16
388,4,2000,8012,32768,16
389,4,4000,4096,32768,16
390,4,4000,4096,32768,16
391,4,1000,4096,32768,16
392,4,1000,8012,32768,16
393,4,2000,4096,32768,16
394,4,1000,4096,32768,16
395,4,4000,12288,32768,16
396,4,2000,4096,32768,16
397,4,4000,8012,32768,16
398,4,2000,4096,32768,16
399,4,2000,8012,32768,16
400,4,1000,4096,32768,16
401,4,1000,12288,32768,16
402,4,4000,8012,32768,16
403,4,2000,12288,32768,16
404,4,1000,8012,32768,16
405,4,4000,12288,32768,16
406,4,1000,8012,32768,16
407,4,2000,8012,32768,16
408,4,2000,8012,32768,16
409,4,1000,12288,32768,16
410,4,4000,12288,32768,16
411,4,2000,8012,32768,16
412,4,1000,8012,32768,16
413,4,2000,4096,32768,16
414,4,2000,8012,32768,16
415,4,1000,8012,32768,16
416,4,2000,4096,32768,16
417,4,2000,12288,32768,16
418,4,1000,12288,32768,16
419,4,4000,8012,32768,16
420,4,4000,4096,32768,16
421,4,1000,4096,32768,16
422,4,1000,8012,32768,16
423,4,1000,8012,32768,16
424,4,4000,12288,32768,16
425,4,4000,8012,32768,16
426,4,1000,4096,32768,16
427,4,1000,12288,32768,16
428,4,1000,4096,32768,16
429,4,1000,4096,32768,16
430,4,4000,4096,32768,16
431,4,1000,12288,32768,16
432,4,2000,8012,32768,16
433,4,1000,8012,32768,16
434,4,1000,12288,32768,16
435,4,2000,8012,32768,16
436,4,1000,8012,32768,16
437,4,1000,4096,32768,16
438,4,1000,8012,32768,16
439,4,2000,12288,32768,16
440,4,2000,12288,32768,16
441,4,4000,8012,32768,16
442,4,4000,8012,32768,16
443,4,1000,12288,32768,16
444,4,1000,12288,32768,16
445,4,2000,4096,32768,16
446,4,4000,4096,32768,16
447,4,4000,8012,32768,16
448,4,1000,8012,32768,16
449,4,1000,8012,32768,16
450,4,1000,4096,32768,16
451,4,2000,8012,32768,16
452,4,1000,8012,32768,16
453,4,2000,8012,32768,16
454,4,4000,4096,32768,16
455,4,4000,12288,32768,16
456,4,1000,12288,32768,16
457,4,1000,12288,32768,16
458,4,1000,8012,32768,16
459,4,1000,12288,32768,16
460,4,1000,12288,32768,16
461,4,1000,4096,32768,16
462,4,2000,4096,32768,16
463,4,2000,12288,32768,16
464,4,2000,8012,32768,16
465,4,2000,4096,32768,16
466,4,1000,12288,32768,16
467,4,4000,12288,32768,16
468,4,4000,8012,32768,16
469,4,2000,12288,32768,16
470,4,2000,12288,32768,16
471,4,2000,12288,32768,16
472,4,4000,4096,32768,16
473,4,2000,4096,32768,16
474,4,4000,8012,32768,16
475,4,4000,12288,32768,16
476,4,2000,8012,32768,16
477,4,2000,8012,32768,16
478,4,1000,4096,32768,16
479,4,4000,8012,32768,16
480,4,1000,12288,32768,16
481,4,1000,8012,32768,16
482,4,4000,12288,32768,16
483,4,4000,4096,32768,16
484,4,1000,12288,32768,16
485,4,4000,4096,32768,16
486,4,2000,4096,32768,16
487,4,2000,12288,32768,16
488,4,1000,4096,32768,16
489,4,2000,8012,32768,16
490,4,2000,12288,32768,16
491,4,2000,8012,32768,16
492,4,1000,8012,32768,16
493,4,1000,8012,32768,16
494,4,4000,8012,32768,16
495,4,2000,8012,32768,16
496,4,2000,12288,32768,16
497,4,2000,4096,32768,16
498,4,2000,4096,32768,16
499,4,1000,4096,32768,16
500,4,4000,8012,32768,16
501,4,4000,8012,32768,16
502,4,2000,8012,32768,16
503,4,1000,8012,32768,16
504,4,4000,12288,32768,16
505,4,2000,8012,32768,16
506,4,2000,4096,32768,16
507,4,4000,4096,32768,16
508,4,4000,4096,32768,16
509,4,4000,4096,32768,16
510,4,4000,12288,32768,16
511,4,4000,8012,32768,16
512,4,2000,8012,32768,16
513,4,1000,8012,32768,16
514,4,1000,8012,32768,16
515,4,1000,12288,32768,16
516,4,4000,4096,32768,16
517,4,1000,8012,32768,16
518,4,1000,4096,32768,16
519,4,4000,12288,32768,16
520,4,1000,4096,32768,16
521,4,4000,4096,32768,16
522,4,1000,4096,32768,16
523,4,2000,4096,32768,16
524,4,1000,4096,32768,16
525,4,2000,4096,32768,16
526,4,1000,4096,32768,16
527,4,4000,4096,32768,16
528,4,4000,12288,32768,16
529,4,4000,8012,32768,16
530,4,1000,12288,32768,16
531,4,2000,12288,32768,16
532,4,1000,12288,32768,16
533,4,4000,8012,32768,16
534,4,1000,4096,32768,16
535,4,1000,12288,32768,16
536,4,4000,12288,32768,16
537,4,2000,12288,32768,16
538,4,2000,8012,32768,16
539,4,1000,4096,32768,16
540,4,4000,8012,32768,16
541,4,1000,8012,32768,16
542,4,4000,8012,32768,16
543,4,1000,4096,32768,16
544,4,1000,8012,32768,16
545,4,2000,12288,32768,16
546,4,4000,12288,32768,16
547,4,1000,8012,32768,16
548,4,1000,12288,32768,16
549,4,4000,8012,32768,16
550,4,2000,8012,32768,16
551,4,1000,8012,32768,16
552,4,1000,12288,32768,16
553,4,4000,4096,32768,16
554,4,4000,12288,32768,16
555,4,1000,8012,32768,16
556,4,1000,4096,32768,16
557,4,4000,4096,32768,16
558,4,4000,4096,32768,16
559,4,1000,8012,32768,16
560,4,4000,4096,32768,16
561,4,1000,8012,32768,16
562,4,4000,4096,32768,16
563,4,2000,12288,32768,16
564,4,4000,8012,32768,16
565,4,4000,12288,32768,16
566,4,4000,12288,32768,16
567,4,4000,8012,32768,16
568,4,2000,4096,32768,16
569,4,4000,8012,32768,16
570,4,2000,12288,32768,16
571,4,1000,8012,32768,16
572,4,1000,12288,32768,16
573,4,4000,8012,32768,16
574,4,2000,8012,32768,16
575,4,2000,12288,32768,16
576,4,2000,8012,32768,16
577,4,4000,12288,32768,16
578,4,2000,8012,32768,16
579,4,1000,12288,32768,16
580,4,4000,8012,32768,16
581,4,1000,4096,32768,16
582,4,2000,8012,32768,16
583,4,4000,12288,32768,16
584,4,2000,12288,32768,16
585,4,2000,12288,32768,16
586,4,4000,12288,32768,16
587,4,4000,4096,32768,16
588,4,2000,8012,32768,16
589,4,1000,12288,32768,16
590,4,4000,8012,32768,16
591,4,2000,4096,32768,16
592,4,2000,8012,32768,16
593,4,4000,12288,32768,16
594,4,4000,8012,32768,16
595,4,1000,4096,32768,16
596,4,4000,4096,32768,16
597,4,2000,4096,32768,16
598,4,4000,12288,32768,16
599,4,1000,12288,32768,16
600,4,2000,8012,32768,16
601,4,2000,8012,32768,16
602,4,4000,8012,32768,16
603,4,1000,8012,32768,16
604,4,2000,8012,32768,16
605,4,1000,12288,32768,16
606,4,1000,8012,32768,16
607,4,2000,4096,32768,16
608,4,2000,8012,32768,16
609,4,4000,4096,32768,16
610,4,2000,4096,32768,16
611,4,1000,4096,32768,16
612,4,4000,12288,32768,16
613,4,1000,4096,32768,16
614,4,1000,8012,32768,16
615,4,2000,8012,32768,16
616,4,2000,12288,32768,16
617,4,4000,12288,32768,16
618,4,2000,12288,32768,16
619,4,2000,8012,32768,16
620,4,2000,12288,32768,16
621,4,1000,8012,32768,16
622,4,4000,12288,32768,16
623,4,4000,12288,32768,16
624,4,2000,12288,32768,16
625,4,4000,12288,32768,16
626,4,2000,8012,32768,16
627,4,2000,4096,32768,16
628,4,1000,12288,32768,16
629,4,1000,4096,32768,16
630,4,4000,4096,32768,16
631,4,4000,8012,32768,16
632,4,1000,8012,32768,16
633,4,4000,12288,32768,16
634,4,1000,4096,32768,16
635,4,1000,12288,32768,16
636,4,2000,12288,32768,16
637,4,4000,8012,32768,16
638,4,4000,4096,32768,16
639,4,4000,8012,32768,16
640,4,1000,8012,32768,16
641,4,1000,4096,32768,16
642,4,2000,12288,32768,16
643,4,4000,12288,32768,16
644,4,4000,12288,32768,16
645,4,4000,4096,32768,16
646,4,2000,4096,32768,16
647,4,4000,12288,32768,16
648,4,2000,8012,32768,16
649,4,1000,4096,32768,16
650,4,2000,8012,32768,16
651,4,2000,12288,32768,16
652,4,1000,4096,32768,16
653,4,1000,8012,32768,16
654,4,2000,4096,32768,16
655,4,2000,12288,32768,16
656,4,2000,12288,32768,16
657,4,1000,12288,32768,16
658,4,2000,4096,32768,16
659,4,4000,8012,32768,16
660,4,1000,4096,32768,16
661,4,1000,4096,32768,16
662,4,1000,12288,32768,16
663,4,4000,8012,32768,16
664,4,1000,4096,32768,16
665,4,2000,8012,32768,16
666,4,2000,4096,32768,16
667,4,2000,4096,32768,16
668,4,2000,4096,32768,16
669,4,1000,4096,32768,16
670,4,2000,12288,32768,16
671,4,1000,12288,32768,16
672,4,1000,12288,32768,16
673,4,1000,8012,32768,16
674,4,4000,12288,32768,16
675,4,1000,8012,32768,16
676,4,2000,8012,32768,16
677,4,1000,4096,32768,16
678,4,1000,4096,32768,16
679,4,4000,8012,32768,16
680,4,4000,8012,32768,16
681,4,4000,12288,32768,16
682,4,1000,12288,32768,16
683,4,4000,8012,32768,16
684,4,2000,4096,32768,16
685,4,2000,12288,32768,16
686,4,1000,4096,32768,16
687,4,1000,12288,32768,16
688,4,2000,4096,32768,16
689,4,4000,8012,32768,16
690,4,4000,4096,32768,16
691,4,1000,8012,32768,16
692,4,4000,8012,32768,16
693,4,4000,8012,32768,16
694,4,4000,8012,32768,16
695,4,4000,8012,32768,16
696,4,1000,8012,32768,16
697,4,1000,4096,32768,16
698,4,1000,4096,32768,16
699,4,4000,8012,32768,16
700,4,4000,12288,32768,16
701,4,2000,12288,32768,16
702,4,1000,4096,32768,16
703,4,1000,8012,32768,16
704,4,2000,12288,32768,16
705,4,2000,4096,32768,16
706,4,1000,4096,32768,16
707,4,2000,4096,32768,16
708,4,2000,8012,32768,16
709,4,2000,8012,32768,16
710,4,4000,8012,32768,16
711,4,2000,8012,32768,16
712,4,1000,12288,32768,16
713,4,1000,8012,32768,16
714,4,1000,12288,32768,16
715,4,1000,4096,32768,16
716,4,1000,8012,32768,16
717,4,1000,12288,32768,16
718,4,2000,12288,32768,16
719,4,1000,8012,32768,16
720,4,4000,8012,32768,16
721,4,1000,8012,32768,16
722,4,4000,4096,32768,16
723,4,1000,8012,32768,16
724,4,1000,4096,32768,16
725,4,1000,12288,32768,16
726,4,1000,8012,32768,16
727,4,2000,12288,32768,16
728,4,2000,4096,32768,16
729,4,4000,8012,32768,16
730,4,2000,4096,32768,16
731,4,1000,4096,32768,16
732,4,2000,12288,32768,16
733,4,1000,4096,32768,16
734,4,4000,4096,32768,16
735,4,1000,8012,32768,16
736,4,2000,12288,32768,16
737,4,4000,4096,32768,16
738,4,2000,4096,32768,16
739,4,2000,12288,32768,16
740,4,4000,8012,32768,16
741,4,1000,4096,32768,16
742,4,1000,8012,32768,16
743,4,1000,8012,32768,16
744,4,2000,12288,32768,16
745,4,2000,8012,32768,16
746,4,4000,8012,32768,16
747,4,2000,4096,32768,16
748,4,4000,4096,32768,16
749,4,2000,12288,32768,16
750,4,1000,4096,32768,16
751,4,4000,4096,32768,16
752,4,2000,12288,32768,16
753,4,4000,4096,32768,16
754,4,1000,4096,32768,16
755,4,1000,12288,32768,16
756,4,1000,12288,32768,16
757,4,2000,8012,32768,16
758,4,2000,8012,32768,16
759,4,1000,8012,32768,16
760,4,4000,4096,32768,16
761,4,2000,12288,32768,16
762,4,4000,4096,32768,16
763,4,4000,4096,32768,16
764,4,2000,12288,32768,16
765,4,1000,8012,32768,16
766,4,2000,4096,32768,16
767,4,1000,8012,32768,16
768,4,1000,4096,32768,16
769,4,1000,4096,32768,16
770,4,2000,4096,32768,16
771,4,1000,4096,32768,16
772,4,2000,8012,32768,16
773,4,4000,4096,32768,16
774,4,2000,8012,32768,16
775,4,1000,12288,32768,16
776,4,2000,12288,32768,16
777,4,2000,4096,32768,16
778,4,1000,12288,32768,16
779,4,1000,12288,32768,16
780,4,4000,4096,32768,16
781,4,2000,8012,32768,16
782,4,2000,8012,32768,16
783,4,2000,4096,32768,16
784,4,4000,4096,32768,16
785,4,1000,4096,32768,16
786,4,1000,12288,32768,16
787,4,4000,12288,32768,16
788,4,4000,8012,32768,16
789,4,4000,12288,32768,16
790,4,2000,4096,32768,16
791,4,1000,8012,32768,16
792,4,4000,4096,32768,16
793,4,2000,12288,32768,16
794,4,4000,12288,32768,16
795,4,1000,12288,32768,16
796,4,4000,4096,32768,16
797,4,2000,8012,32768,16
798,4,2000,12288,32768,16
799,4,2000,8012,32768,16
800,4,4000,8012,32768,16
801,4,2000,8012,32768,16
802,4,4000,12288,32768,16
803,4,2000,4096,32768,16
804,4,2000,4096,32768,16
805,4,4000,12288,32768,16
806,4,1000,4096,32768,16
807,4,2000,8012,32768,16
808,4,1000,8012,32768,16
809,4,1000,12288,32768,16
810,4,1000,12288,32768,16
811,4,1000,4096,32768,16
812,4,1000,4096,32768,16
813,4,1000,4096,32768,16
814,4,1000,8012,32768,16
815,4,1000,12288,32768,16
816,4,4000,4096,32768,16
817,4,1000,12288,32768,16
818,4,4000,4096,32768,16
819,4,1000,4096,32768,16
820,4,2000,8012,32768,16
821,4,4000,8012,32768,16
822,4,1000,12288,32768,16
823,4,1000,4096,32768,16
824,4,1000,8012,32768,16
825,4,1000,12288,32768,16
826,4,2000,4096,32768,16
827,4,2000,4096,32768,16
828,4,2000,8012,32768,16
829,4,4000,12288,32768,16
830,4,1000,8012,32768,16
831,4,1000,4096,32768,16
832,4,2000,12288,32768,16
833,4,1000,12288,32768,16
834,4,1000,4096,32768,16
835,4,4000,4096,32768,16
836,4,2000,4096,32768,16
837,4,4000,8012,32768,16
838,4,4000,8012,32768,16
839,4,4000,12288,32768,16
840,4,4000,4096,32768,16
841,4,4000,8012,32768,16
842,4,2000,4096,32768,16
843,4,1000,4096,32768,16
844,4,2000,12288,32768,16
845,4,4000,8012,32768,16
846,4,1000,8012,32768,16
847,4,4000,12288,32768,16
848,4,4000,8012,32768,16
849,4,2000,8012,32768,16
850,4,4000,8012,32768,16
851,4,1000,4096,32768,16
852,4,4000,12288,32768,16
853,4,1000,4096,32768,16
854,4,2000,8012,32768,16
855,4,4000,8012,32768,16
856,4,2000,4096,32768,16
857,4,2000,12288,32768,16
858,4,2000,8012,32768,16
859,4,2000,12288,32768,16
860,4,1000,4096,32768,16
861,4,2000,4096,32768,16
862,4,1000,4096,32768,16
863,4,2000,8012,32768,16
864,4,4000,8012,32768,16
865,4,4000,4096,32768,16
866,4,1000,12288,32768,16
867,4,4000,4096,32768,16
868,4,1000,8012,32768,16
869,4,2000,4096,32768,16
870,4,4000,4096,32768,16
871,4,2000,4096,32768,16
872,4,2000,8012,32768,16
873,4,1000,8012,32768,16
874,4,4000,8012,32768,16
875,4,2000,4096,32768,16
876,4,2000,4096,32768,16
877,4,2000,4096,32768,16
878,4,1000,4096,32768,16
879,4,4000,4096,32768,16
880,4,2000,8012,32768,16
881,4,2000,4096,32768,16
882,4,2000,8012,32768,16
883,4,4000,8012,32768,16
884,4,1000,8012,32768,16
885,4,4000,8012,32768,16
886,4,2000,12288,32768,16
887,4,1000,8012,32768,16
888,4,4000,4096,32768,16
889,4,1000,8012,32768,16
890,4,1000,4096,32768,16
891,4,4000,4096,32768,16
892,4,2000,12288,32768,16
893,4,1000,8012,32768,16
894,4,4000,8012,32768,16
895,4,4000,8012,32768,16
896,4,1000,8012,32768,16
897,4,4000,4096,32768,16
898,4,2000,4096,32768,16
899,4,1000,4096,32768,16
900,4,4000,4096,32768,16
901,4,1000,8012,32768,16
902,4,1000,8012,32768,16
903,4,2000,4096,32768,16
904,4,4000,4096,32768,16
905,4,4000,12288,32768,16
906,4,4000,8012,32768,16
907,4,4000,12288,32768,16
908,4,1000,8012,32768,16
909,4,2000,8012,32768,16
910,4,2000,12288,32768,16
911,4,2000,4096,32768,16
912,4,4000,8012,32768,16
913,4,4000,4096,32768,16
914,4,4000,4096,32768,16
915,4,1000,8012,32768,16
916,4,4000,4096,32768,16
917,4,2000,4096,32768,16
918,4,4000,4096,32768,16
919,4,2000,8012,32768,16
920,4,2000,8012,32768,16
921,4,1000,4096,32768,16
922,4,2000,12288,32768,16
923,4,1000,8012,32768,16
924,4,1000,12288,32768,16
925,4,2000,4096,32768,16
926,4,2000,12288,32768,16
927,4,2000,4096,32768,16
928,4,1000,12288,32768,16
929,4,4000,12288,32768,16
930,4,2000,8012,32768,16
931,4,1000,12288,32768,16
932,4,2000,8012,32768,16
933,4,1000,8012,32768,16
934,4,1000,12288,32768,16
935,4,1000,12288,32768,16
936,4,4000,4096,32768,16
937,4,4000,8012,32768,16
938,4,4000,4096,32768,16
939,4,4000,8012,32768,16
940,4,1000,4096,32768,16
941,4,4000,4096,32768,16
942,4,1000,12288,32768,16
943,4,2000,8012,32768,16
944,4,4000,4096,32768,16
945,4,4000,8012,32768,16
946,4,4000,8012,32768,16
947,4,4000,8012,32768,16
948,4,2000,8012,32768,16
949,4,2000,8012,32768,16
950,4,1000,8012,32768,16
951,4,1000,8012,32768,16
952,4,4000,8012,32768,16
953,4,1000,8012,32768,16
954,4,1000,12288,32768,16
955,4,2000,4096,32768,16
956,4,1000,4096,32768,16
957,4,2000,4096,32768,16
958,4,1000,8012,32768,16
959,4,2000,8012,32768,16
960,4,1000,8012,32768,16
961,4,1000,8012,32768,16
962,4,4000,8012,32768,16
963,4,1000,4096,32768,16
964,4,1000,4096,32768,16
965,4,1000,12288,32768,16
966,4,4000,8012,32768,16
967,4,4000,8012,32768,16
968,4,1000,4096,32768,16
969,4,1000,12288,32768,16
970,4,2000,12288,32768,16
971,4,4000,4096,32768,16
972,4,4000,8012,32768,16
973,4,1000,8012,32768,16
974,4,1000,4096,32768,16
975,4,4000,8012,32768,16
976,4,2000,12288,32768,16
977,4,4000,8012,32768,16
978,4,1000,4096,32768,16
979,4,2000,8012,32768,16
980,4,4000,8012,32768,16
981,4,4000,8012,32768,16
982,4,1000,4096,32768,16
983,4,2000,8012,32768,16
984,4,4000,12288,32768,16
985,4,2000,4096,32768,16
986,4,2000,4096,32768,16
987,4,2000,4096,32768,16
988,4,2000,8012,32768,16
989,4,1000,8012,32768,16
990,4,1000,4096,32768,16
991,4,4000,4096,32768,16
992,4,2000,4096,32768,16
993,4,1000,8012,32768,16
994,4,4000,4096,32768,16
995,4,4000,4096,32768,16
996,4,1000,12288,32768,16
997,4,1000,4096,32768,16
998,4,1000,4096,32768,16
999,4,1000,8012,32768,16
